problem,d,B,algorithm,estimator,n_attempted,n_eligible,eta_Nlike,W1_marginal_avg,SWD,abs_dlogZ,QE_p025,QE_p160,QE_p500,QE_p840,QE_p975,TV_partition,n_TV_partition,TV_partition_estimator,n_reason_RHAT_FAIL,n_reason_BUDGET_VIOLATION,n_reason_budget_infeasible,n_reason_no_final_sample,best_eta_comparator,best_eta_median,win_eta,best_W1_comparator,best_W1_median,win_W1,best_absdlogZ_comparator,best_absdlogZ_median,win_absdlogZ
banana,2,5000.0,is,output,20,20,0.03256482219195757,0.09870251641376689,0.09313495825515099,0.06385129313721905,0.07578179075291547,0.09523110749451347,0.06285330161125258,0.09905651344155586,0.1277416398009752,NaN,0,,0,0,0,0,,NaN,,,NaN,,,NaN,
banana,2,5000.0,mh,output,20,19,0.03920685231008145,0.10016515904833455,0.11050344457435508,NaN,0.13165714089655678,0.04885793377202183,0.046665061227562726,0.09573335649302883,0.35738290442478793,NaN,0,,1,0,0,0,,NaN,,,NaN,,,NaN,
banana,2,5000.0,nuts,output,20,0,NaN,NaN,NaN,NaN,NaN,NaN,NaN,NaN,NaN,NaN,0,,0,0,20,0,,NaN,,,NaN,,,NaN,
banana,2,5000.0,ns,output,20,20,0.03115011492442507,0.1275766055581814,0.12538155102667886,0.09669274169680087,0.09643157500672783,0.09709836326179522,0.12682196402573517,0.11801425465397275,0.09878681209861995,NaN,0,,0,0,0,0,,NaN,,,NaN,,,NaN,
banana,2,5000.0,mw,fresh_v1_2026-09-25,20,0,NaN,NaN,NaN,NaN,NaN,NaN,NaN,NaN,NaN,NaN,0,,0,0,0,20,mh,0.03920685231008145,,is,0.09870251641376689,,is,0.06385129313721905,
banana,2,50000.0,is,output,20,20,0.031511601828912876,0.038608045080041634,0.037044190559720525,0.01831063097738994,0.0331936825563528,0.03727023671587559,0.024293671346216156,0.02767324667882265,0.06042773178117189,NaN,0,,0,0,0,0,,NaN,,,NaN,,,NaN,
banana,2,50000.0,mh,output,20,20,0.03313845694596031,0.04034781539973891,0.037494234932397785,NaN,0.048012894329827305,0.022317899931641322,0.022090689797788776,0.027761523873841953,0.1216862201837105,NaN,0,,0,0,0,0,,NaN,,,NaN,,,NaN,
banana,2,50000.0,nuts,output,20,16,0.0031239975715181803,0.19303309156998855,0.1799638654925575,NaN,0.19777140537094506,0.08400790493295895,0.10726081663531273,0.2563636482720756,0.6812977498498655,NaN,0,,4,0,0,0,,NaN,,,NaN,,,NaN,
banana,2,50000.0,ns,output,20,19,0.03363290961409712,0.04163338061442389,0.04937355062808633,0.038115735871866896,0.04002728123498678,0.04141388927112391,0.030162382104789304,0.042613788890441984,0.11476875538162468,NaN,0,,0,1,0,0,,NaN,,,NaN,,,NaN,
banana,2,50000.0,mw,fresh_v1_2026-09-25,20,20,0.18366116290294698,0.026751739017628343,0.02689569169452094,0.00668494965972144,0.02771810657791418,0.018536422116656404,0.015332644101910625,0.02027764884949501,0.06213373168372005,NaN,0,,0,0,0,0,ns,0.03363290961409712,true,is,0.038608045080041634,true,is,0.01831063097738994,true
banana,2,500000.0,is,output,20,20,0.03120611160946092,0.024303098855070836,0.023933321456773106,0.005941100475276073,0.021092909798762216,0.013911700821111928,0.00978655492040073,0.021594876750577807,0.03576229591006841,NaN,0,,0,0,0,0,,NaN,,,NaN,,,NaN,
banana,2,500000.0,mh,output,20,20,0.03300512128807566,0.023100357653646722,0.024721111537804145,NaN,0.023470777363000572,0.01134892185014813,0.01185907333047978,0.019447532409061857,0.04386996433338125,NaN,0,,0,0,0,0,,NaN,,,NaN,,,NaN,
banana,2,500000.0,nuts,output,20,20,0.010752446136333891,0.11625610994784094,0.11732386353803102,NaN,0.09984031718265929,0.04618401518282092,0.04598315733074665,0.15973132591753825,0.5977723055400367,NaN,0,,0,0,0,0,,NaN,,,NaN,,,NaN,
banana,2,500000.0,ns,output,20,20,0.017863295725940278,0.05549474842501851,0.049985839995136755,0.04771236285880809,0.04777946275814282,0.03501503745393866,0.03837263812386668,0.05638171333060893,0.11219572650764242,NaN,0,,0,0,0,0,,NaN,,,NaN,,,NaN,
banana,2,500000.0,mw,fresh_v1_2026-09-25,20,20,0.5840424178830775,0.02213263057076293,0.02320851282473968,0.0010621654029652206,0.026948369407138517,0.014309787926311768,0.010561239194523536,0.011892366895802198,0.04067794008491443,NaN,0,,0,0,0,0,mh,0.03300512128807566,true,mh,0.023100357653646722,true,is,0.005941100475276073,true
banana,5,5000.0,is,output,20,20,0.00045424211506204756,0.9640549574091027,0.9327873689638966,0.9139737728333568,0.9025526299734152,0.924237972381379,0.8560839292572507,0.876664679032234,1.2254175911832799,NaN,0,,0,0,0,0,,NaN,,,NaN,,,NaN,
banana,5,5000.0,mh,output,20,5,0.019161621813816424,0.15197882696690743,0.14838227574492582,NaN,0.2578540020797247,0.10090552817767558,0.09843176981061326,0.13881060383911242,0.35524618758953813,NaN,0,,15,0,0,0,,NaN,,,NaN,,,NaN,
banana,5,5000.0,nuts,output,20,0,NaN,NaN,NaN,NaN,NaN,NaN,NaN,NaN,NaN,NaN,0,,0,0,20,0,,NaN,,,NaN,,,NaN,
banana,5,5000.0,ns,output,20,20,0.0003737922966253472,0.9441104282638966,0.945417877478615,0.8628729734218075,1.0527272200976636,0.7902142103113774,0.7641492028517402,1.154678356212393,1.2163387326693587,NaN,0,,0,0,0,0,,NaN,,,NaN,,,NaN,
banana,5,5000.0,mw,fresh_v1_2026-09-25,20,0,NaN,NaN,NaN,NaN,NaN,NaN,NaN,NaN,NaN,NaN,0,,0,0,0,20,mh,0.019161621813816424,,mh,0.15197882696690743,,ns,0.8628729734218075,
banana,5,50000.0,is,output,20,20,0.0001928724215900517,0.35961125826320195,0.352883510022865,0.2824904862073536,0.2708558949206131,0.3748699346111288,0.33020175761673787,0.4146015938156267,0.3703254232180698,NaN,0,,0,0,0,0,,NaN,,,NaN,,,NaN,
banana,5,50000.0,mh,output,20,20,0.010985226309102036,0.042398444724018075,0.0455836292863189,NaN,0.05045091278935132,0.03165448557429046,0.028346168923497363,0.042327192344481956,0.11097756660039654,NaN,0,,0,0,0,0,,NaN,,,NaN,,,NaN,
banana,5,50000.0,nuts,output,20,19,0.002257219604220236,0.10732688076990364,0.11449275990093613,NaN,0.144635334690082,0.09151930798431215,0.05599512344204086,0.10836581728921706,0.3589148620743653,NaN,0,,1,0,0,0,,NaN,,,NaN,,,NaN,
banana,5,50000.0,ns,output,20,20,0.0009055741560013124,0.1665869593007176,0.16274782412588876,0.07855412710097642,0.1327872963610095,0.15161249869886284,0.18129386558855357,0.1894142604913457,0.1604736843865806,NaN,0,,0,0,0,0,,NaN,,,NaN,,,NaN,
banana,5,50000.0,mw,fresh_v1_2026-09-25,20,20,0.12540169125163808,0.025431757155274112,0.025985117673347997,0.005427248298055964,0.029000515652634062,0.016754723766346548,0.013947768114368384,0.019352486108386448,0.04108884005333131,NaN,0,,0,0,0,0,mh,0.010985226309102036,true,mh,0.042398444724018075,true,ns,0.07855412710097642,true
banana,5,500000.0,is,output,20,20,0.0001772217248574297,0.11273083180136906,0.1118974793748429,0.060932845791349166,0.10036955260530656,0.1007720849797786,0.11453358285933996,0.12717482474340747,0.12250513086381605,NaN,0,,0,0,0,0,,NaN,,,NaN,,,NaN,
banana,5,500000.0,mh,output,20,20,0.011048124160451442,0.02334407483871833,0.022731891312603426,NaN,0.031186972812643973,0.012945029343133928,0.011393697667925286,0.017962711050300284,0.0565599396765889,NaN,0,,0,0,0,0,,NaN,,,NaN,,,NaN,
banana,5,500000.0,nuts,output,20,20,0.004123670647876786,0.06255259764522222,0.06678976780761893,NaN,0.06735243331311383,0.03027485748645392,0.02787103233951952,0.07876178205651024,0.26893098703556273,NaN,0,,0,0,0,0,,NaN,,,NaN,,,NaN,
banana,5,500000.0,ns,output,20,20,0.00769764064288511,0.030758278822797032,0.031794038125591395,0.0855966128207406,0.0452046051184094,0.0212143491391114,0.02115533679492164,0.033678825269728783,0.06836787746612698,NaN,0,,0,0,0,0,,NaN,,,NaN,,,NaN,
banana,5,500000.0,mw,fresh_v1_2026-09-25,20,20,0.5159826948669558,0.02109840108626563,0.019757913452399113,0.0008029035966163889,0.017654384493858102,0.012299072788329368,0.01084672735288215,0.014893564230838008,0.029254170988631055,NaN,0,,0,0,0,0,mh,0.011048124160451442,true,mh,0.02334407483871833,true,is,0.060932845791349166,true
banana,10,5000.0,is,output,20,20,0.00020405687608425466,1.9282833928773628,2.0067187470852237,14.060365835578697,2.120034333848289,2.044449043614546,1.8321316659285396,2.034386769077649,2.2699659382180926,NaN,0,,0,0,0,0,,NaN,,,NaN,,,NaN,
banana,10,5000.0,mh,output,20,0,NaN,NaN,NaN,NaN,NaN,NaN,NaN,NaN,NaN,NaN,0,,20,0,0,0,,NaN,,,NaN,,,NaN,
banana,10,5000.0,nuts,output,20,0,NaN,NaN,NaN,NaN,NaN,NaN,NaN,NaN,NaN,NaN,0,,0,0,20,0,,NaN,,,NaN,,,NaN,
banana,10,5000.0,ns,output,20,0,NaN,NaN,NaN,NaN,NaN,NaN,NaN,NaN,NaN,NaN,0,,0,0,20,0,,NaN,,,NaN,,,NaN,
banana,10,5000.0,mw,fresh_v1_2026-09-25,20,0,NaN,NaN,NaN,NaN,NaN,NaN,NaN,NaN,NaN,NaN,0,,0,0,0,20,is,0.00020405687608425466,,is,1.9282833928773628,,is,14.060365835578697,
banana,10,50000.0,is,output,20,20,2.1725655102144873e-5,1.5916548477010348,1.6056338712395495,7.0428177658795335,1.6671357683101466,1.6397048832719592,1.5389039224740741,1.7018889104720205,1.8997628162953628,NaN,0,,0,0,0,0,,NaN,,,NaN,,,NaN,
banana,10,50000.0,mh,output,20,20,0.005499798280063722,0.05164457719839394,0.04963466259941378,NaN,0.06390994336169814,0.02989947646209022,0.027868700504686088,0.041279033611151525,0.10479742543799239,NaN,0,,0,0,0,0,,NaN,,,NaN,,,NaN,
banana,10,50000.0,nuts,output,20,3,0.0001369597404994672,0.5176232249222301,0.5231150095773728,NaN,0.5213658941703835,0.37838397291193177,0.5327739120676163,0.5258827843682108,0.8900845660393664,NaN,0,,15,0,2,0,,NaN,,,NaN,,,NaN,
banana,10,50000.0,ns,output,20,20,2.5918203233133456e-5,1.7262110405026967,1.8284810144167285,10.769191725794425,1.7897408015038203,1.8053816084921965,1.713998122462874,1.7565969256780285,1.8981047196874226,NaN,0,,0,0,0,0,,NaN,,,NaN,,,NaN,
banana,10,50000.0,mw,fresh_v1_2026-09-25,20,20,0.07574660107109574,0.0297778197458946,0.02916855442844346,0.006911072563950071,0.035636148052683295,0.02314732376438909,0.019230685077378108,0.024756780255778613,0.06024138552384708,NaN,0,,0,0,0,0,mh,0.005499798280063722,true,mh,0.05164457719839394,true,is,7.0428177658795335,true
banana,10,500000.0,is,output,20,20,2.989373850176771e-6,1.2390730363730023,1.271157255429542,3.7515495030774773,1.0107520483908712,1.345660408677052,1.249847910972779,1.4128857549562117,1.1415583900665485,NaN,0,,0,0,0,0,,NaN,,,NaN,,,NaN,
banana,10,500000.0,mh,output,20,20,0.005727442350354966,0.02332718929506533,0.02396636848437013,NaN,0.025341868858337314,0.014721387007798233,0.011839031869646792,0.018593307140927783,0.034061033044912536,NaN,0,,0,0,0,0,,NaN,,,NaN,,,NaN,
banana,10,500000.0,nuts,output,20,20,0.0014964511362930556,0.04601570367075442,0.05321241190658359,NaN,0.06062616642994352,0.033231367461582215,0.023531108882048436,0.05857331516143337,0.1218260189916425,NaN,0,,0,0,0,0,,NaN,,,NaN,,,NaN,
banana,10,500000.0,ns,output,20,20,1.7982058507503748e-5,0.42994303226289604,0.43316647168219163,1.7000899237035352,0.3184050737253849,0.3778228068154426,0.4575608842813727,0.39826892372540834,0.31981815482377307,NaN,0,,0,0,0,0,,NaN,,,NaN,,,NaN,
banana,10,500000.0,mw,fresh_v1_2026-09-25,20,20,0.39703318439640595,0.020335570273123618,0.018984987590099808,0.0010999288482036462,0.01965200359942958,0.010793046560223545,0.009733428869132935,0.014724472894453744,0.028045822359790896,NaN,0,,0,0,0,0,mh,0.005727442350354966,true,mh,0.02332718929506533,true,ns,1.7000899237035352,true
eggbox,2,5000.0,is,output,10,10,0.4764188675564956,0.16670409608862047,0.15666076897980097,0.007054413753098565,0.06603506882474397,0.10017742640980587,0.2011328834884606,0.09407292117883448,0.05898930920087819,NaN,0,,0,0,0,0,,NaN,,,NaN,,,NaN,
eggbox,2,5000.0,mh,output,10,10,0.0421025260162676,0.365840976273017,0.3927668939725531,NaN,0.12748592526758484,0.1840285086948681,0.27181994987595415,0.30213727109776967,0.198455640980435,NaN,0,,0,0,0,0,,NaN,,,NaN,,,NaN,
eggbox,2,5000.0,nuts,output,10,0,NaN,NaN,NaN,NaN,NaN,NaN,NaN,NaN,NaN,NaN,0,,3,0,7,0,,NaN,,,NaN,,,NaN,
eggbox,2,5000.0,ns,output,10,10,0.2478308217164557,0.2312943151135213,0.22499409434180506,0.033181704698648895,0.0632706749155254,0.12649236096120609,0.29539956393719535,0.14770164827987964,0.06555324828947118,NaN,0,,0,0,0,0,,NaN,,,NaN,,,NaN,
eggbox,2,5000.0,mw,fresh_v1_2026-09-25,10,0,NaN,NaN,NaN,NaN,NaN,NaN,NaN,NaN,NaN,NaN,0,,0,0,0,10,is,0.4764188675564956,,is,0.16670409608862047,,is,0.007054413753098565,
eggbox,2,50000.0,is,output,10,10,0.4768665176324503,0.11010135617298723,0.1065324957312164,0.003203169775855663,0.020940592351747167,0.042103289146622425,0.0910510759421983,0.041881547005620634,0.023322617076622976,NaN,0,,0,0,0,0,,NaN,,,NaN,,,NaN,
eggbox,2,50000.0,mh,output,10,10,0.04367109446682762,0.1535561148406579,0.13315025739322137,NaN,0.056310500822553955,0.08586789162419128,0.1666530144116401,0.07677833351707974,0.06322206595168955,NaN,0,,0,0,0,0,,NaN,,,NaN,,,NaN,
eggbox,2,50000.0,nuts,output,10,4,0.0018122096797433779,0.5408891754692609,0.6011463167006084,NaN,0.11801544952009468,0.3678347613100983,1.0697560991174098,0.22328358666468295,0.1242685194539872,NaN,0,,6,0,0,0,,NaN,,,NaN,,,NaN,
eggbox,2,50000.0,ns,output,10,10,0.03368608535237013,0.16689968130946653,0.1832582250503613,0.028426360310439547,0.0808744680127842,0.0836506815539999,0.19488251052391137,0.14530978099307124,0.07781616353052989,NaN,0,,0,0,0,0,,NaN,,,NaN,,,NaN,
eggbox,2,50000.0,mw,fresh_v1_2026-09-25,10,10,0.5152528275184517,0.10684918482830422,0.08896046632353369,0.0027904430314436013,0.03018202940840231,0.05283222215312944,0.10990048360942639,0.04876449567000529,0.027843670832742085,NaN,0,,0,0,0,0,is,0.4768665176324503,true,is,0.11010135617298723,true,is,0.003203169775855663,true
eggbox,2,500000.0,is,output,10,10,0.47703423594884453,0.07722351741229189,0.10738655034088654,0.0010884585853814244,0.019235771191202566,0.025925792243976398,0.06931993696334071,0.05983089249946594,0.026334008385340724,NaN,0,,0,0,0,0,,NaN,,,NaN,,,NaN,
eggbox,2,500000.0,mh,output,10,10,0.047288172229327186,0.06618888971665188,0.10555344123104621,NaN,0.024823521913778457,0.03158590215013346,0.11433821201469374,0.05530109437288844,0.0345510411019232,NaN,0,,0,0,0,0,,NaN,,,NaN,,,NaN,
eggbox,2,500000.0,nuts,output,10,10,0.0031636688597566584,0.1920461096904039,0.1970057210596327,NaN,0.03223490746439017,0.10940105393225585,0.27993163110428476,0.0842627865969261,0.05169307679153601,NaN,0,,0,0,0,0,,NaN,,,NaN,,,NaN,
eggbox,2,500000.0,ns,output,10,10,0.0033201186084361066,0.2311941985843526,0.2505949326461622,0.01917544233397228,0.10448872927152131,0.11903294045026591,0.33035116976039625,0.12792193196210588,0.10643120113943194,NaN,0,,0,0,0,0,,NaN,,,NaN,,,NaN,
eggbox,2,500000.0,mw,fresh_v1_2026-09-25,10,10,0.7155511905428785,0.08530190386849597,0.09866800944031115,0.0006330610005766957,0.024366406035154053,0.030479352451837416,0.08910201686469366,0.0382832525521799,0.04141293923306666,NaN,0,,0,0,0,0,is,0.47703423594884453,true,mh,0.06618888971665188,false,is,0.0010884585853814244,true
funnel,2,5000.0,is,output,20,20,0.048581997162882785,0.1339228713886728,0.13883782081976653,0.030498109989053557,0.31329277943920686,0.18172077461841618,0.09780575871228304,0.11604011947187043,0.14745331305014053,NaN,0,,0,0,0,0,,NaN,,,NaN,,,NaN,
funnel,2,5000.0,mh,output,20,16,0.02285829521641234,0.18936589088443756,0.21785446428726019,NaN,0.71435164713159,0.17015190087073911,0.07131805233086479,0.12929355011619542,0.33658651095372893,NaN,0,,4,0,0,0,,NaN,,,NaN,,,NaN,
funnel,2,5000.0,nuts,output,20,0,NaN,NaN,NaN,NaN,NaN,NaN,NaN,NaN,NaN,NaN,0,,0,0,20,0,,NaN,,,NaN,,,NaN,
funnel,2,5000.0,ns,output,20,20,0.036692095745409596,0.17618826686572386,0.17772256515181634,0.07392105378084102,0.44535624061488766,0.2895281835276281,0.13135026835958957,0.14076803594858933,0.18083567504652143,NaN,0,,0,0,0,0,,NaN,,,NaN,,,NaN,
funnel,2,5000.0,mw,fresh_v1_2026-09-25,20,0,NaN,NaN,NaN,NaN,NaN,NaN,NaN,NaN,NaN,NaN,0,,0,0,0,20,is,0.048581997162882785,,is,0.1339228713886728,,is,0.030498109989053557,
funnel,2,50000.0,is,output,20,20,0.04875752467771724,0.06652048603330114,0.06657267970186856,0.015607221603244348,0.14147732526179402,0.06900433970251407,0.024563033107858345,0.032193988731325174,0.09749295263846602,NaN,0,,0,0,0,0,,NaN,,,NaN,,,NaN,
funnel,2,50000.0,mh,output,20,20,0.018808450915176904,0.08055633275274171,0.09060551404426531,NaN,0.24791915348895466,0.08701725765368698,0.03257123306038985,0.05573549536870387,0.15147677935735748,NaN,0,,0,0,0,0,,NaN,,,NaN,,,NaN,
funnel,2,50000.0,nuts,output,20,8,0.0019483422843994593,0.4897559089989694,0.5195340076106674,NaN,1.754075805519025,0.8212275857309478,0.3050536636335078,0.26328409912541506,0.647371827374887,NaN,0,,12,0,0,0,,NaN,,,NaN,,,NaN,
funnel,2,50000.0,ns,output,20,20,0.04669368178046238,0.10739403126112668,0.09656570425447701,0.06539352605991167,0.1843552934865158,0.1157535061164141,0.048897660792269676,0.08851782065286229,0.1375135574232531,NaN,0,,0,0,0,0,,NaN,,,NaN,,,NaN,
funnel,2,50000.0,mw,fresh_v1_2026-09-25,20,19,0.17500621366552607,0.06000114853510742,0.0593471076284997,0.005908502729800702,0.09941537196282013,0.04242365155098671,0.027356787883217656,0.04897687416659069,0.11320643338538527,NaN,0,,0,0,0,1,is,0.04875752467771724,true,is,0.06652048603330114,true,is,0.015607221603244348,true
funnel,2,500000.0,is,output,20,20,0.04867895331201871,0.045741105700321416,0.05149748847417924,0.005161851797548245,0.12653516212636462,0.04093671386183939,0.01970504979194564,0.03154760512285326,0.1326606842422473,NaN,0,,0,0,0,0,,NaN,,,NaN,,,NaN,
funnel,2,500000.0,mh,output,20,20,0.018742242135532737,0.054936232249216094,0.05388873555423157,NaN,0.1426657236306259,0.04277881385661991,0.01727636976445376,0.029700168113944825,0.08393712993683722,NaN,0,,0,0,0,0,,NaN,,,NaN,,,NaN,
funnel,2,500000.0,nuts,output,20,20,0.004659752521199751,0.5598109895284427,0.5884693377324561,NaN,1.6455887649378758,0.8786657919357542,0.34274562255604596,0.35376043467020357,0.3616672949026136,NaN,0,,0,0,0,0,,NaN,,,NaN,,,NaN,
funnel,2,500000.0,ns,output,20,20,0.021357847024268,0.08654615574065197,0.09300951217233455,0.061545266092051465,0.24225133030952262,0.08699092851979129,0.051312372266214615,0.07962383537847972,0.1123006285319863,NaN,0,,0,0,0,0,,NaN,,,NaN,,,NaN,
funnel,2,500000.0,mw,fresh_v1_2026-09-25,20,20,0.5265725378338469,0.048750431670534736,0.05160943589282346,0.0010619946139236447,0.07801739489861337,0.0358170918085865,0.021399454400292953,0.02670172136668536,0.08119311409244956,NaN,0,,0,0,0,0,is,0.04867895331201871,true,is,0.045741105700321416,false,is,0.005161851797548245,true
funnel,5,5000.0,is,output,20,20,0.002629320923567438,1.256928657913344,1.1337790515085202,0.7979651306681772,2.4030041521651393,1.778965115750924,0.8242541985879693,1.0500100446690932,1.4291811267455095,NaN,0,,0,0,0,0,,NaN,,,NaN,,,NaN,
funnel,5,5000.0,mh,output,20,0,NaN,NaN,NaN,NaN,NaN,NaN,NaN,NaN,NaN,NaN,0,,20,0,0,0,,NaN,,,NaN,,,NaN,
funnel,5,5000.0,nuts,output,20,0,NaN,NaN,NaN,NaN,NaN,NaN,NaN,NaN,NaN,NaN,0,,0,0,20,0,,NaN,,,NaN,,,NaN,
funnel,5,5000.0,ns,output,20,20,0.0015447365983323625,1.1152380791309306,1.0835615179876963,0.7097821685926009,2.280219921802504,1.229607246414,0.8725500840388271,0.9577776007426233,1.2217424101093188,NaN,0,,0,0,0,0,,NaN,,,NaN,,,NaN,
funnel,5,5000.0,mw,fresh_v1_2026-09-25,20,0,NaN,NaN,NaN,NaN,NaN,NaN,NaN,NaN,NaN,NaN,0,,0,0,0,20,is,0.002629320923567438,,ns,1.1152380791309306,,ns,0.7097821685926009,
funnel,5,50000.0,is,output,20,20,0.00021087722644013855,0.7339629125608758,0.7017532194669857,0.39781556481462577,1.6504069009298625,0.9728730183101807,0.4503429103006738,0.621582445935358,0.7413931882645501,NaN,0,,0,0,0,0,,NaN,,,NaN,,,NaN,
funnel,5,50000.0,mh,output,20,5,0.001985502920059246,0.2665516099840167,0.3210745842030734,NaN,0.8851159473634376,0.39580515456209725,0.1275859955712461,0.16511173464151746,0.3794058058887272,NaN,0,,15,0,0,0,,NaN,,,NaN,,,NaN,
funnel,5,50000.0,nuts,output,20,4,0.0001828736284311933,0.6638469840738868,0.6624951905138008,NaN,2.5656889517232466,0.5088298570810901,0.17319714596318633,0.5723299300047122,2.319358343620042,NaN,0,,13,0,3,0,,NaN,,,NaN,,,NaN,
funnel,5,50000.0,ns,output,20,20,0.0013943868019895603,0.7510463725591122,0.7240783836230424,0.43286200655895346,1.7237696369989934,1.0457058706915832,0.38276311861915013,0.7011056813298773,0.8806902972132156,NaN,0,,0,0,0,0,,NaN,,,NaN,,,NaN,
funnel,5,50000.0,mw,fresh_v1_2026-09-25,20,0,NaN,NaN,NaN,NaN,NaN,NaN,NaN,NaN,NaN,NaN,0,,0,0,0,20,mh,0.001985502920059246,,mh,0.2665516099840167,,is,0.39781556481462577,
funnel,5,500000.0,is,output,20,20,6.314365035218813e-5,0.463930065344033,0.4795465180057066,0.25741717044830814,1.1258604083045052,0.7460205202683525,0.2675843650053106,0.36543540176748474,0.5176604923578529,NaN,0,,0,0,0,0,,NaN,,,NaN,,,NaN,
funnel,5,500000.0,mh,output,20,13,0.0005560907281988015,0.10735436980288375,0.1197260208504553,NaN,0.5005927001751852,0.13501959318607692,0.03998620934454203,0.06189425521060197,0.18017750813527308,NaN,0,,7,0,0,0,,NaN,,,NaN,,,NaN,
funnel,5,500000.0,nuts,output,20,20,0.0003212485993621659,0.3137157355937713,0.3266332631038714,NaN,0.8048913016574857,0.4252996781746538,0.11544864162418553,0.2593810022970925,0.35640884826844166,NaN,0,,0,0,0,0,,NaN,,,NaN,,,NaN,
funnel,5,500000.0,ns,output,20,20,0.0366484887040454,0.6005727140086461,0.6300451978998678,0.3862889049025231,1.446498802933713,0.9462911582086413,0.23118413518162345,0.5467730683179912,0.6871057457528122,NaN,0,,0,0,0,0,,NaN,,,NaN,,,NaN,
funnel,5,500000.0,mw,fresh_v1_2026-09-25,20,20,0.443534969457804,0.037185831222186716,0.041336853780460064,0.0006745379873702717,0.1073446582822731,0.02697834978844784,0.00566889881072203,0.024831891058727563,0.08472909323040625,NaN,0,,0,0,0,0,ns,0.0366484887040454,true,mh,0.10735436980288375,true,is,0.25741717044830814,true
funnel,10,5000.0,is,output,20,20,0.003526938015001351,2.3260027724838777,2.1839771018976153,2.000038596405087,3.899070911027608,3.1114885000211023,1.2300433684377137,2.6447125688389663,3.239761440470287,NaN,0,,0,0,0,0,,NaN,,,NaN,,,NaN,
funnel,10,5000.0,mh,output,20,0,NaN,NaN,NaN,NaN,NaN,NaN,NaN,NaN,NaN,NaN,0,,20,0,0,0,,NaN,,,NaN,,,NaN,
funnel,10,5000.0,nuts,output,20,0,NaN,NaN,NaN,NaN,NaN,NaN,NaN,NaN,NaN,NaN,0,,0,0,20,0,,NaN,,,NaN,,,NaN,
funnel,10,5000.0,ns,output,20,0,NaN,NaN,NaN,NaN,NaN,NaN,NaN,NaN,NaN,NaN,0,,0,0,20,0,,NaN,,,NaN,,,NaN,
funnel,10,5000.0,mw,fresh_v1_2026-09-25,20,0,NaN,NaN,NaN,NaN,NaN,NaN,NaN,NaN,NaN,NaN,0,,0,0,0,20,is,0.003526938015001351,,is,2.3260027724838777,,is,2.000038596405087,
funnel,10,50000.0,is,output,20,20,0.000346935829378195,1.7200464474055046,1.6007964611976149,1.3555752080030032,3.1192389829950553,2.3184592707379283,1.082153558169491,1.850155868920158,2.479902805725832,NaN,0,,0,0,0,0,,NaN,,,NaN,,,NaN,
funnel,10,50000.0,mh,output,20,0,NaN,NaN,NaN,NaN,NaN,NaN,NaN,NaN,NaN,NaN,0,,20,0,0,0,,NaN,,,NaN,,,NaN,
funnel,10,50000.0,nuts,output,20,0,NaN,NaN,NaN,NaN,NaN,NaN,NaN,NaN,NaN,NaN,0,,0,0,20,0,,NaN,,,NaN,,,NaN,
funnel,10,50000.0,ns,output,20,20,0.0003948068236434434,1.8836999762740099,1.738360316899088,1.5368435045492195,3.349875113060924,2.4906680090740325,1.1489777889958424,2.254552660049977,2.644328137454938,NaN,0,,0,0,0,0,,NaN,,,NaN,,,NaN,
funnel,10,50000.0,mw,fresh_v1_2026-09-25,20,0,NaN,NaN,NaN,NaN,NaN,NaN,NaN,NaN,NaN,NaN,0,,0,0,0,20,ns,0.0003948068236434434,,is,1.7200464474055046,,is,1.3555752080030032,
funnel,10,500000.0,is,output,20,20,8.716647126677335e-5,1.5318670371021166,1.423239302075118,1.2436494283034225,2.8425289304335193,2.1560679187859533,0.7112690266815143,1.7955373857615697,2.22437058983516,NaN,0,,0,0,0,0,,NaN,,,NaN,,,NaN,
funnel,10,500000.0,mh,output,20,14,0.00033250526121957275,0.237192236546436,0.2418824923128427,NaN,0.6877071531729595,0.3547508705256588,0.090323662546879,0.21248889259350234,0.29172520860948076,NaN,0,,6,0,0,0,,NaN,,,NaN,,,NaN,
funnel,10,500000.0,nuts,output,20,11,8.821498284857941e-5,0.235125041750804,0.24443561914957962,NaN,0.7024701843684766,0.29701300593037694,0.051522778981289,0.19284396248964725,0.5497119569886852,NaN,0,,9,0,0,0,,NaN,,,NaN,,,NaN,
funnel,10,500000.0,ns,output,20,20,0.00030994344513066407,0.9484221000842266,0.8923766341422006,0.27728679204773066,1.401299080494875,1.4103901285583151,0.432299814527809,1.1435876178510522,0.7343806624679116,NaN,0,,0,0,0,0,,NaN,,,NaN,,,NaN,
funnel,10,500000.0,mw,fresh_v1_2026-09-25,20,20,0.17482829007596812,0.03755501002186801,0.03931592607079985,0.0019435113017571837,0.09726149866653314,0.025778623491884402,0.005315972019280085,0.020740437975319846,0.10016982271783431,NaN,0,,0,0,0,0,mh,0.00033250526121957275,true,nuts,0.235125041750804,true,ns,0.27728679204773066,true
mridges,2,5000.0,is,output,20,20,0.027639438027506985,0.1552030305486297,0.17493895238762208,0.08094488947529577,0.06296710504856118,0.07579900122277328,1.0606395963274449,0.0893404954436926,0.05838200161239193,0.04626739202049976,20,output,0,0,0,0,,NaN,,,NaN,,,NaN,
mridges,2,5000.0,mh,output,20,1,0.025192532636422224,0.13593812734630234,0.1878609664444385,NaN,0.10287618532528464,0.11545607227812527,0.6795586911315316,0.06914972903352679,0.14675233488992845,0.04138225566798605,1,output,19,0,0,0,,NaN,,,NaN,,,NaN,
mridges,2,5000.0,nuts,output,20,1,0.0012736535662299854,2.3488532484469045,2.383708691873368,NaN,2.5050700669638513,2.226477865757864,2.2452553477768498,2.3681641372401714,2.5301759538764923,0.750000003108259,1,output,3,0,16,0,,NaN,,,NaN,,,NaN,
mridges,2,5000.0,ns,output,20,20,0.022637440272744128,0.23164203098014524,0.2501362504247419,0.07203205725044937,0.09291110196752239,0.11833101123910428,1.0784681136796588,0.0973382664079927,0.07448259832479787,0.06711855265778462,20,output,0,0,0,0,,NaN,,,NaN,,,NaN,
mridges,2,5000.0,mw,fresh_v1_2026-09-25,20,0,NaN,NaN,NaN,NaN,NaN,NaN,NaN,NaN,NaN,NaN,0,,0,0,0,20,is,0.027639438027506985,,mh,0.13593812734630234,,ns,0.07203205725044937,
mridges,2,50000.0,is,output,20,20,0.02919472952732897,0.062259207961523774,0.06989465715307858,0.020073352096681596,0.0232092251585323,0.025909781241706953,0.7634649209628391,0.02259042027257907,0.016882113823174616,0.015808458338601415,20,output,0,0,0,0,,NaN,,,NaN,,,NaN,
mridges,2,50000.0,mh,output,20,17,0.002771258438975411,0.11308216210032793,0.15180376005059304,NaN,0.04956979673629114,0.0487675744711753,1.1241517565869077,0.04569473538756075,0.04820785968439045,0.05258701301595657,17,output,3,0,0,0,,NaN,,,NaN,,,NaN,
mridges,2,50000.0,nuts,output,20,2,0.009428897320604214,1.6677992179876417,1.7890033075204248,NaN,2.2534997179321437,2.065874603915616,1.8668286211909457,1.0901504959119201,1.0417267984518346,0.6250000015541296,2,output,18,0,0,0,,NaN,,,NaN,,,NaN,
mridges,2,50000.0,ns,output,20,20,0.033322721571085574,0.06172827864258988,0.07237618181332792,0.054263922613038584,0.030466875373573954,0.02561571723819811,0.9205758226553832,0.03456121459747297,0.04842447139631978,0.016554240249490017,20,output,0,0,0,0,,NaN,,,NaN,,,NaN,
mridges,2,50000.0,mw,fresh_v1_2026-09-25,20,20,0.5978674440119338,0.029244842357183828,0.03723267083205639,0.002059340496030515,0.025144226116133206,0.011939028050204081,0.5218721860125745,0.01243856704312285,0.021894542469776512,0.004068364951591581,20,fresh,0,0,0,0,ns,0.033322721571085574,true,ns,0.06172827864258988,true,is,0.020073352096681596,true
mridges,2,500000.0,is,output,20,20,0.02889009399891903,0.042790129802129345,0.0384405563363326,0.005121570130139919,0.016069575108217493,0.010965078604712186,0.5456380666201063,0.009180709283536093,0.020385446666402185,0.005430952230882087,20,output,0,0,0,0,,NaN,,,NaN,,,NaN,
mridges,2,500000.0,mh,output,20,20,0.002291928633878862,0.06341582703425219,0.060735601742380324,NaN,0.022627699109431076,0.022359355888487698,0.8129107880268929,0.021066905769695388,0.02596373405569541,0.01415693299324447,20,output,0,0,0,0,,NaN,,,NaN,,,NaN,
mridges,2,500000.0,nuts,output,20,0,NaN,NaN,NaN,NaN,NaN,NaN,NaN,NaN,NaN,NaN,0,,20,0,0,0,,NaN,,,NaN,,,NaN,
mridges,2,500000.0,ns,output,20,20,0.0037521542148647646,0.06210472459651023,0.06976831708097828,0.052080157867277155,0.05831970587114976,0.018022716557311913,0.8875663459623756,0.01958959176408004,0.052995295443720725,0.016105962525521822,20,output,0,0,0,0,,NaN,,,NaN,,,NaN,
mridges,2,500000.0,mw,fresh_v1_2026-09-25,20,20,0.8116804651433016,0.035227793464699515,0.036271044009259415,0.0005573327597203637,0.01412878007325058,0.011632007007453815,0.46688526443521516,0.009106241701899442,0.0148332061380414,0.001222108796493586,20,fresh,0,0,0,0,is,0.02889009399891903,true,is,0.042790129802129345,true,is,0.005121570130139919,true
mridges,5,5000.0,is,output,20,20,0.0008554698404807314,1.433974171363046,1.4351134798228369,0.5857097170930219,1.0824804953820961,1.355365170641806,1.9564925368056514,0.9384561094074282,0.595603415987104,0.7560453258340686,20,output,0,0,0,0,,NaN,,,NaN,,,NaN,
mridges,5,5000.0,mh,output,20,0,NaN,NaN,NaN,NaN,NaN,NaN,NaN,NaN,NaN,NaN,0,,20,0,0,0,,NaN,,,NaN,,,NaN,
mridges,5,5000.0,nuts,output,20,0,NaN,NaN,NaN,NaN,NaN,NaN,NaN,NaN,NaN,NaN,0,,0,0,20,0,,NaN,,,NaN,,,NaN,
mridges,5,5000.0,ns,output,20,20,0.0006105899253794947,1.4931888205562442,1.5629851051615509,0.7650537546957681,1.222956967582459,1.4508318339740303,1.7939592030853881,0.9434205860085432,0.8728524389964805,0.7976985803652715,20,output,0,0,0,0,,NaN,,,NaN,,,NaN,
mridges,5,5000.0,mw,fresh_v1_2026-09-25,20,0,NaN,NaN,NaN,NaN,NaN,NaN,NaN,NaN,NaN,NaN,0,,0,0,0,20,is,0.0008554698404807314,,is,1.433974171363046,,is,0.5857097170930219,
mridges,5,50000.0,is,output,20,20,0.00020397426130669617,0.8253015468753967,0.8872933657340067,0.4092133796382358,0.389115703642234,0.4954503529793987,1.7260350548869878,0.35637183947223106,0.19232269517776426,0.540032093622091,20,output,0,0,0,0,,NaN,,,NaN,,,NaN,
mridges,5,50000.0,mh,output,20,0,NaN,NaN,NaN,NaN,NaN,NaN,NaN,NaN,NaN,NaN,0,,20,0,0,0,,NaN,,,NaN,,,NaN,
mridges,5,50000.0,nuts,output,20,4,0.00035486812512787485,2.1073199132976064,2.146054821235076,NaN,3.396298077743228,3.3283993387758004,2.0100382983497784,0.909854375307142,0.901159457519922,0.9531249976997073,4,output,15,0,1,0,,NaN,,,NaN,,,NaN,
mridges,5,50000.0,ns,output,20,20,0.0004372157524658442,0.6543341381130319,0.6941747478719615,0.25269039552861106,0.3242033093613742,0.382106510591681,1.3799579600846847,0.2749270716140562,0.23031766672427995,0.4802049943287575,20,output,0,0,0,0,,NaN,,,NaN,,,NaN,
mridges,5,50000.0,mw,fresh_v1_2026-09-25,20,20,0.03168991140533107,0.47032766846948454,0.5634711931039987,0.5337108058576048,0.1997574942570643,0.7063621544809545,1.1774939225327887,0.09942974942842922,0.13596940283914813,0.40355123011688476,20,fresh,0,0,0,0,ns,0.0004372157524658442,true,ns,0.6543341381130319,true,ns,0.25269039552861106,false
mridges,5,500000.0,is,output,20,20,8.681836237871328e-5,0.3231795093891507,0.41327003775664123,0.11977697055198444,0.16958150555994633,0.21721671731697487,1.16016636056209,0.17489957659163008,0.12402828649656224,0.2797951638040533,20,output,0,0,0,0,,NaN,,,NaN,,,NaN,
mridges,5,500000.0,mh,output,20,4,0.00023051918606813903,0.11591355291565576,0.1722391868493281,NaN,0.08612523330888844,0.04651932285420038,0.9151203561920587,0.05070753673577019,0.08630674467880532,0.12463251773349909,4,output,16,0,0,0,,NaN,,,NaN,,,NaN,
mridges,5,500000.0,nuts,output,20,0,NaN,NaN,NaN,NaN,NaN,NaN,NaN,NaN,NaN,NaN,0,,20,0,0,0,,NaN,,,NaN,,,NaN,
mridges,5,500000.0,ns,output,20,20,0.00019021273414983173,0.24752336298582772,0.288280091958287,0.09214151224984324,0.10889779458228563,0.158204370157112,1.1182407463540114,0.1046672834846583,0.07827173936692314,0.18808132850492496,20,output,0,0,0,0,,NaN,,,NaN,,,NaN,
mridges,5,500000.0,mw,fresh_v1_2026-09-25,20,20,0.24318887693574326,0.15343852749087,0.17425422585114375,0.1287684823137969,0.034074665228746165,0.051192491750283155,1.0519572274191331,0.04211050942195618,0.038818321657661324,0.12171559751264091,20,fresh,0,0,0,0,mh,0.00023051918606813903,true,mh,0.11591355291565576,false,ns,0.09214151224984324,false
mridges,10,5000.0,is,output,20,20,0.0003908431102548088,3.1673000754583214,2.9363736560652747,7.398134741584812,2.599824741153169,3.061069342397878,3.5449050985809105,2.937283952013897,2.1159579408736584,0.990781866097046,20,output,0,0,0,0,,NaN,,,NaN,,,NaN,
mridges,10,5000.0,mh,output,20,0,NaN,NaN,NaN,NaN,NaN,NaN,NaN,NaN,NaN,NaN,0,,20,0,0,0,,NaN,,,NaN,,,NaN,
mridges,10,5000.0,nuts,output,20,0,NaN,NaN,NaN,NaN,NaN,NaN,NaN,NaN,NaN,NaN,0,,0,0,20,0,,NaN,,,NaN,,,NaN,
mridges,10,5000.0,ns,output,20,0,NaN,NaN,NaN,NaN,NaN,NaN,NaN,NaN,NaN,NaN,0,,0,0,20,0,,NaN,,,NaN,,,NaN,
mridges,10,5000.0,mw,fresh_v1_2026-09-25,20,0,NaN,NaN,NaN,NaN,NaN,NaN,NaN,NaN,NaN,NaN,0,,0,0,0,20,is,0.0003908431102548088,,is,3.1673000754583214,,is,7.398134741584812,
mridges,10,50000.0,is,output,20,20,3.39988359370596e-5,2.567036528798159,2.4972639098893668,2.8815907808888923,2.131356111377872,2.512457625124643,2.8555257071517772,2.0787521306167074,1.6399041329166846,0.9857226514857769,20,output,0,0,0,0,,NaN,,,NaN,,,NaN,
mridges,10,50000.0,mh,output,20,0,NaN,NaN,NaN,NaN,NaN,NaN,NaN,NaN,NaN,NaN,0,,20,0,0,0,,NaN,,,NaN,,,NaN,
mridges,10,50000.0,nuts,output,20,0,NaN,NaN,NaN,NaN,NaN,NaN,NaN,NaN,NaN,NaN,0,,0,0,20,0,,NaN,,,NaN,,,NaN,
mridges,10,50000.0,ns,output,20,20,3.386613029741267e-5,2.5234662776966132,2.443425197165088,3.2858902777311343,2.0351830300991973,2.7840837660063205,2.6384299717725206,2.334712056017365,1.8909423797411127,0.9878351648012735,20,output,0,0,0,0,,NaN,,,NaN,,,NaN,
mridges,10,50000.0,mw,fresh_v1_2026-09-25,20,20,0.00023948871359030766,1.0550497337489546,1.026148470497351,2.499542614633679,1.0107967239186073,1.0692277412713043,1.1005996008919243,0.812737997445255,0.8463522137997505,0.864382106343857,20,fresh,0,0,0,0,is,3.39988359370596e-5,true,ns,2.5234662776966132,true,is,2.8815907808888923,true
mridges,10,500000.0,is,output,20,20,6.662275532413126e-6,1.5858634218669774,1.5984758759892164,1.442115019015791,1.0380978043583737,1.456296181225643,2.090236091340616,1.158569572686297,0.6685785882117925,0.9649860000165875,20,output,0,0,0,0,,NaN,,,NaN,,,NaN,
mridges,10,500000.0,mh,output,20,0,NaN,NaN,NaN,NaN,NaN,NaN,NaN,NaN,NaN,NaN,0,,20,0,0,0,,NaN,,,NaN,,,NaN,
mridges,10,500000.0,nuts,output,20,0,NaN,NaN,NaN,NaN,NaN,NaN,NaN,NaN,NaN,NaN,0,,20,0,0,0,,NaN,,,NaN,,,NaN,
mridges,10,500000.0,ns,output,20,20,0.00011505688377646324,0.6906881140033604,0.7306651606039969,0.606855695712623,0.6259572489595226,0.6397596376046586,1.3538313387379128,0.32031018236643183,0.38175040379480196,0.8388311335902867,20,output,0,0,0,0,,NaN,,,NaN,,,NaN,
mridges,10,500000.0,mw,fresh_v1_2026-09-25,20,20,3.838679211751814e-5,0.7671852085832491,0.7748053182185126,1.4069497963411628,0.6155723917625615,0.8357655778850119,0.9778449639600209,0.4856521263603111,0.5156290767065699,0.6939497669330317,20,fresh,0,0,0,0,ns,0.00011505688377646324,false,ns,0.6906881140033604,false,ns,0.606855695712623,false
mridges_spiky,5,5000.0,is,output,10,10,0.00024180369074346103,0.9658401066080908,1.0040492352517676,2.80408779902009,0.8905408994395936,0.8711965670906143,0.8839045317355034,0.7926350984305888,1.1395521185154758,0.7994352039332613,10,output,0,0,0,0,,NaN,,,NaN,,,NaN,
mridges_spiky,5,5000.0,mh,output,10,1,0.0130286795237956,0.1576112187219091,0.151773201883022,NaN,0.3320904948036837,0.08326883938212601,0.09267502844893107,0.02631212427992271,0.16955522273217513,0.09089732528039834,1,output,9,0,0,0,,NaN,,,NaN,,,NaN,
mridges_spiky,5,5000.0,nuts,output,10,0,NaN,NaN,NaN,NaN,NaN,NaN,NaN,NaN,NaN,NaN,0,,0,0,10,0,,NaN,,,NaN,,,NaN,
mridges_spiky,5,5000.0,ns,output,10,10,0.00022305121034834805,0.9802748624895469,1.0086963013558257,3.7262734371826074,0.892183887795899,0.8073644022292299,1.0272370733921994,1.0594123335069512,0.8866287513644545,0.7957061785209986,10,output,0,0,0,0,,NaN,,,NaN,,,NaN,
mridges_spiky,5,5000.0,mw,fresh_v1_2026-09-25,10,0,NaN,NaN,NaN,NaN,NaN,NaN,NaN,NaN,NaN,NaN,0,,0,0,0,10,mh,0.0130286795237956,,mh,0.1576112187219091,,is,2.80408779902009,
mridges_spiky,5,50000.0,is,output,10,10,4.0332743769954554e-5,0.5401756733569125,0.5774399582132853,0.8687487702344203,0.5144366364682402,0.5582299649612117,0.5390975652282286,0.46313337376382496,0.523340981423832,0.6184567944246971,10,output,0,0,0,0,,NaN,,,NaN,,,NaN,
mridges_spiky,5,50000.0,mh,output,10,10,0.0072611306848424095,0.035933859612611196,0.04995282037655363,NaN,0.02639759508891778,0.024326710877698894,0.022011825346625248,0.021225943470972165,0.026862991931703772,0.03110605941762417,10,output,0,0,0,0,,NaN,,,NaN,,,NaN,
mridges_spiky,5,50000.0,nuts,output,10,4,0.00019738111961568763,0.144137460934192,0.1708835429042081,NaN,0.19595940840833165,0.06713466977370164,0.15429572785899529,0.05619464005856791,0.16719567794512008,0.29790631134841855,4,output,6,0,0,0,,NaN,,,NaN,,,NaN,
mridges_spiky,5,50000.0,ns,output,10,10,0.0008434715812544332,0.10913187069455063,0.11892363282579575,0.09298794806729926,0.1220082679632919,0.10977511496644175,0.1024386180661765,0.10595004042668084,0.07116553377169177,0.1513383817870923,10,output,0,0,0,0,,NaN,,,NaN,,,NaN,
mridges_spiky,5,50000.0,mw,fresh_v1_2026-09-25,10,10,0.5702897605231669,0.012092338337489645,0.015303062734511659,0.0014283731187338944,0.01098370585754771,0.006955619762780441,0.0069284921037696835,0.009997690766629708,0.010507986717571118,0.004282122668629863,10,fresh,0,0,0,0,mh,0.0072611306848424095,true,mh,0.035933859612611196,true,ns,0.09298794806729926,true
mridges_spiky,5,500000.0,is,output,10,10,1.4662566180574686e-5,0.24954182572709296,0.2859424113596013,0.41958823412654667,0.21143589832915644,0.22529781302522145,0.3281135726317832,0.24771769955266873,0.2498449385654828,0.29384362822029453,10,output,0,0,0,0,,NaN,,,NaN,,,NaN,
mridges_spiky,5,500000.0,mh,output,10,10,0.007506128692771703,0.013700682435358255,0.015823769249947564,NaN,0.012971135709958358,0.009996546313794659,0.009349882911804002,0.00985476177344698,0.0116790870142781,0.009007832757752405,10,output,0,0,0,0,,NaN,,,NaN,,,NaN,
mridges_spiky,5,500000.0,nuts,output,10,3,0.00012630160152233655,0.036656996972045656,0.04078617494225861,NaN,0.02031156841981263,0.031937004396143866,0.032012280316983804,0.030099299900168065,0.035826447343795434,0.0886383347788378,3,output,7,0,0,0,,NaN,,,NaN,,,NaN,
mridges_spiky,5,500000.0,ns,output,10,10,0.00776388049713724,0.019934798821971557,0.020757161491622045,0.135009887370237,0.021275632692537738,0.015282047819379585,0.01181799424348463,0.01416172143848542,0.019425567719941507,0.0126160912391212,10,output,0,0,0,0,,NaN,,,NaN,,,NaN,
mridges_spiky,5,500000.0,mw,fresh_v1_2026-09-25,10,10,0.7506801079868486,0.013161499348487406,0.013155210343680435,0.0006408402538484737,0.008640493286080386,0.007866684851160356,0.005334782518215227,0.007379062890148991,0.010816370702089762,0.0013631094871806321,10,fresh,0,0,0,0,ns,0.00776388049713724,true,mh,0.013700682435358255,true,ns,0.135009887370237,true
mvn,2,5000.0,is,output,20,20,0.014234878688760697,0.0976517433983884,0.09157261016675551,0.08376871388026164,0.06844695880179297,0.08780385906407395,0.09541122628331677,0.09375014215699529,0.0887688398432217,NaN,0,,0,0,0,0,,NaN,,,NaN,,,NaN,
mvn,2,5000.0,mh,output,20,19,0.035157687751378765,0.11313387360744548,0.10622061935265883,NaN,0.2138285028108139,0.08060429396386165,0.05686597057292006,0.0814702094695286,0.13432455430448342,NaN,0,,1,0,0,0,,NaN,,,NaN,,,NaN,
mvn,2,5000.0,nuts,output,20,0,NaN,NaN,NaN,NaN,NaN,NaN,NaN,NaN,NaN,NaN,0,,7,0,13,0,,NaN,,,NaN,,,NaN,
mvn,2,5000.0,ns,output,20,20,0.02069844966971278,0.08440496258662913,0.07791555637680028,0.08535766566663039,0.07791381818620602,0.0830940016328392,0.07430956073893613,0.11956132777820766,0.052509750613655815,NaN,0,,0,0,0,0,,NaN,,,NaN,,,NaN,
mvn,2,5000.0,mw,fresh_v1_2026-09-25,20,0,NaN,NaN,NaN,NaN,NaN,NaN,NaN,NaN,NaN,NaN,0,,0,0,0,20,mh,0.035157687751378765,,ns,0.08440496258662913,,is,0.08376871388026164,
mvn,2,50000.0,is,output,20,20,0.013872561253569882,0.038487293567317546,0.03633878131670765,0.02539582213783298,0.03687792150876168,0.02642704297532833,0.026795576929948828,0.03093424276000123,0.03993613616969127,NaN,0,,0,0,0,0,,NaN,,,NaN,,,NaN,
mvn,2,50000.0,mh,output,20,20,0.03786681044320462,0.033661343192328226,0.023200229859982054,NaN,0.029353543644573654,0.024684562397258858,0.017301460984114142,0.02011097300766282,0.03333112053353604,NaN,0,,0,0,0,0,,NaN,,,NaN,,,NaN,
mvn,2,50000.0,nuts,output,20,20,0.007001412778884703,0.0622857588651663,0.060650650872585726,NaN,0.06723564655516712,0.05542673070582005,0.056477300687165055,0.06801227746186678,0.05812283362260828,NaN,0,,0,0,0,0,,NaN,,,NaN,,,NaN,
mvn,2,50000.0,ns,output,20,20,0.03451990037247204,0.03050441741775024,0.028327792760991594,0.09162431195426723,0.03737621007967684,0.03401143183087013,0.02575467176663704,0.025514633366321038,0.058016948279891345,NaN,0,,0,0,0,0,,NaN,,,NaN,,,NaN,
mvn,2,50000.0,mw,fresh_v1_2026-09-25,20,20,0.28816476313135175,0.01884711970608382,0.016089301470125814,0.0014683116448321876,0.022524452717411658,0.013616232459175315,0.010010970712606593,0.014463736980478592,0.02125499691928212,NaN,0,,0,0,0,0,mh,0.03786681044320462,true,ns,0.03050441741775024,true,is,0.02539582213783298,true
mvn,2,500000.0,is,output,20,20,0.013682786476426793,0.019120752414855908,0.019642070126833625,0.009148890292194345,0.016454278138731127,0.014013639068733041,0.013961040855788975,0.01439632325029555,0.024840650042779133,NaN,0,,0,0,0,0,,NaN,,,NaN,,,NaN,
mvn,2,500000.0,mh,output,20,20,0.03792662935298319,0.01771810390687205,0.016731548274287463,NaN,0.01926927904751846,0.011194216261322193,0.009245391789463694,0.010713764264165399,0.02206326502849415,NaN,0,,0,0,0,0,,NaN,,,NaN,,,NaN,
mvn,2,500000.0,nuts,output,20,20,0.019280758462917956,0.019541916000537438,0.01804403858840868,NaN,0.020338968602963248,0.016225929016830898,0.010414116698984621,0.0150369270665634,0.023882393810645386,NaN,0,,0,0,0,0,,NaN,,,NaN,,,NaN,
mvn,2,500000.0,ns,output,20,20,0.0284641124556667,0.03979008973098794,0.03429456159945315,0.059841092677207275,0.04473267123336111,0.027073550205704677,0.02813756701916237,0.02581826052142494,0.05294165569200171,NaN,0,,0,0,0,0,,NaN,,,NaN,,,NaN,
mvn,2,500000.0,mw,fresh_v1_2026-09-25,20,20,0.8948348961637256,0.01583309471939273,0.017088856084300923,0.00017434906763025282,0.02239448761796603,0.010757518164921098,0.00920727435987656,0.011295327952073109,0.019539254716049115,NaN,0,,0,0,0,0,mh,0.03792662935298319,true,mh,0.01771810390687205,true,is,0.009148890292194345,true
mvn,5,5000.0,is,output,20,20,0.0002251808871865098,1.376710769819018,1.348974974837835,7.238809732076595,1.6074355725665426,1.276369810714368,1.368456311701784,1.7546780586866462,1.8902022958683071,NaN,0,,0,0,0,0,,NaN,,,NaN,,,NaN,
mvn,5,5000.0,mh,output,20,0,NaN,NaN,NaN,NaN,NaN,NaN,NaN,NaN,NaN,NaN,0,,20,0,0,0,,NaN,,,NaN,,,NaN,
mvn,5,5000.0,nuts,output,20,0,NaN,NaN,NaN,NaN,NaN,NaN,NaN,NaN,NaN,NaN,0,,0,0,20,0,,NaN,,,NaN,,,NaN,
mvn,5,5000.0,ns,output,20,20,0.00022205068865766676,1.5340637158317567,1.4379672029184578,8.42835257684681,1.2143993084082148,1.079508383656901,1.6898341795254184,1.920627431182167,1.9174093818469566,NaN,0,,0,0,0,0,,NaN,,,NaN,,,NaN,
mvn,5,5000.0,mw,fresh_v1_2026-09-25,20,0,NaN,NaN,NaN,NaN,NaN,NaN,NaN,NaN,NaN,NaN,0,,0,0,0,20,is,0.0002251808871865098,,is,1.376710769819018,,is,7.238809732076595,
mvn,5,50000.0,is,output,20,20,5.264813122915604e-5,0.943721115533507,0.886798774793544,2.0725879401978053,0.9321552884708431,0.9219856338666635,0.8763594063015285,0.6426365895760926,0.810963921041097,NaN,0,,0,0,0,0,,NaN,,,NaN,,,NaN,
mvn,5,50000.0,mh,output,20,16,0.0033518188197374822,0.09372447768447353,0.08481714047988663,NaN,0.0924568450910993,0.06266915843483646,0.07119239622052437,0.09622732797965401,0.09029389001716756,NaN,0,,4,0,0,0,,NaN,,,NaN,,,NaN,
mvn,5,50000.0,nuts,output,20,19,0.0020019670879085857,0.0845193915858288,0.07500430809560832,NaN,0.17234302034466736,0.06558356677310895,0.07419081482884912,0.07505018187372525,0.14385376664611424,NaN,0,,1,0,0,0,,NaN,,,NaN,,,NaN,
mvn,5,50000.0,ns,output,20,20,0.011490853113395628,0.05172229196388452,0.03819657132180938,0.14952623713586366,0.06334481668772333,0.04971496448893009,0.03478972985696345,0.050257255270595255,0.03698483203681065,NaN,0,,0,0,0,0,,NaN,,,NaN,,,NaN,
mvn,5,50000.0,mw,fresh_v1_2026-09-25,20,20,0.29664059695679545,0.018968404196520565,0.016020268279546494,0.0014653662319350502,0.030967542777518363,0.012439651989055101,0.01429441424687461,0.012734344159459687,0.02349693598348814,NaN,0,,0,0,0,0,ns,0.011490853113395628,true,ns,0.05172229196388452,true,ns,0.14952623713586366,true
mvn,5,500000.0,is,output,20,20,1.284532148882341e-5,0.38782070280441705,0.3839184885476258,0.33507523447654997,0.3589232800841379,0.3710514593140149,0.3612720614394379,0.34452017019893455,0.34167153477401546,NaN,0,,0,0,0,0,,NaN,,,NaN,,,NaN,
mvn,5,500000.0,mh,output,20,20,0.0030619063308224793,0.022129990256418715,0.021043258803950908,NaN,0.04029737023205304,0.018450541629876985,0.015453641925728717,0.01793431324810338,0.026578785445374994,NaN,0,,0,0,0,0,,NaN,,,NaN,,,NaN,
mvn,5,500000.0,nuts,output,20,20,0.003691682598999483,0.027605676059766555,0.02525580281902324,NaN,0.043221314749325404,0.025679980483504772,0.025759538537870164,0.022261761442589158,0.036088520640813825,NaN,0,,0,0,0,0,,NaN,,,NaN,,,NaN,
mvn,5,500000.0,ns,output,20,20,0.018296821080460594,0.024634296067580462,0.02361544719873254,0.06217110485040234,0.029917129920814835,0.02606352352681416,0.013399783436834588,0.02157432207362242,0.036882161923965026,NaN,0,,0,0,0,0,,NaN,,,NaN,,,NaN,
mvn,5,500000.0,mw,fresh_v1_2026-09-25,20,20,0.8349392142036123,0.016062126104678706,0.014725658620964161,0.0001379811611670334,0.023044079910526573,0.01348952311805256,0.010575816336942268,0.009861655555044457,0.021214659145189607,NaN,0,,0,0,0,0,ns,0.018296821080460594,true,mh,0.022129990256418715,true,ns,0.06217110485040234,true
mvn,10,5000.0,is,output,20,20,0.00020000000000014006,3.6681481822398547,3.398008936358929,103.46772139742788,3.868170336880236,4.15361336805204,3.626883594360562,3.5212139819725334,3.2144149944508547,NaN,0,,0,0,0,0,,NaN,,,NaN,,,NaN,
mvn,10,5000.0,mh,output,20,0,NaN,NaN,NaN,NaN,NaN,NaN,NaN,NaN,NaN,NaN,0,,20,0,0,0,,NaN,,,NaN,,,NaN,
mvn,10,5000.0,nuts,output,20,0,NaN,NaN,NaN,NaN,NaN,NaN,NaN,NaN,NaN,NaN,0,,0,0,20,0,,NaN,,,NaN,,,NaN,
mvn,10,5000.0,ns,output,20,0,NaN,NaN,NaN,NaN,NaN,NaN,NaN,NaN,NaN,NaN,0,,0,0,20,0,,NaN,,,NaN,,,NaN,
mvn,10,5000.0,mw,fresh_v1_2026-09-25,20,0,NaN,NaN,NaN,NaN,NaN,NaN,NaN,NaN,NaN,NaN,0,,0,0,0,20,is,0.00020000000000014006,,is,3.6681481822398547,,is,103.46772139742788,
mvn,10,50000.0,is,output,20,20,2.000000645662538e-5,2.522107439768546,2.329922612393446,60.62153517860709,2.5968232170744185,2.44391237248435,2.4755067438362373,3.0125164381454885,2.6513539662208103,NaN,0,,0,0,0,0,,NaN,,,NaN,,,NaN,
mvn,10,50000.0,mh,output,20,2,0.0012172482469214995,0.13596456398141143,0.12104942758979183,NaN,0.20728957939464673,0.10833417111331296,0.09596598353983199,0.10636904546256798,0.21424770830781234,NaN,0,,18,0,0,0,,NaN,,,NaN,,,NaN,
mvn,10,50000.0,nuts,output,20,2,0.0001308113766875626,0.5865004768070302,0.508274589892304,NaN,0.3904753321611227,0.36536984558461816,0.746639111057033,0.7316525576230959,0.7008869052909483,NaN,0,,3,0,15,0,,NaN,,,NaN,,,NaN,
mvn,10,50000.0,ns,output,20,20,2.372400637825532e-5,3.304146319173654,3.1732593047434685,61.520372554988796,3.3157950831191636,3.0277988786347114,3.1632391111840574,3.1501594810438105,3.4015021275099215,NaN,0,,0,0,0,0,,NaN,,,NaN,,,NaN,
mvn,10,50000.0,mw,fresh_v1_2026-09-25,20,20,0.23716944551149638,0.021111979510379374,0.016886728869230833,0.0039211057300736485,0.02452009932294861,0.013176687750707648,0.014671523853018797,0.01532525650112866,0.026609602852507755,NaN,0,,0,0,0,0,mh,0.0012172482469214995,true,mh,0.13596456398141143,true,is,60.62153517860709,true
mvn,10,500000.0,is,output,20,20,2.0022781907821237e-6,2.1013722075126795,1.9739039418164817,29.719659681672027,1.769371805114488,1.9135978374302227,2.024498928269607,2.0781289822354783,2.280360399075243,NaN,0,,0,0,0,0,,NaN,,,NaN,,,NaN,
mvn,10,500000.0,mh,output,20,20,0.0006798566351070034,0.053888987543863384,0.04686479531758676,NaN,0.059598639120650915,0.04709100875297216,0.04592683596540389,0.05237955650172021,0.06293444437551053,NaN,0,,0,0,0,0,,NaN,,,NaN,,,NaN,
mvn,10,500000.0,nuts,output,20,20,0.000875988864850469,0.054178114009463596,0.048996382934182736,NaN,0.07382075073562602,0.05545203487826256,0.035412209647010154,0.04204899959682108,0.053129133971036774,NaN,0,,0,0,0,0,,NaN,,,NaN,,,NaN,
mvn,10,500000.0,ns,output,20,20,4.50256442455806e-6,1.1996565160246797,1.094564051035411,4.912046323993202,1.0751308534551218,0.9872857826283905,1.2162462396783122,1.4268041745612763,1.0566271764822508,NaN,0,,0,0,0,0,,NaN,,,NaN,,,NaN,
mvn,10,500000.0,mw,fresh_v1_2026-09-25,20,20,0.6085644603370166,0.01759456465495793,0.014524277118430172,0.0007240107919379568,0.019932831879525725,0.011494224201109304,0.007921750432454466,0.010438951509598837,0.024322554603352663,NaN,0,,0,0,0,0,nuts,0.000875988864850469,true,mh,0.053888987543863384,true,ns,4.912046323993202,true
shell,5,5000.0,is,output,5,5,0.004988869956926567,0.3908540395889871,0.42099076224372006,0.1350268153790708,0.3203696560053693,0.6435229665161971,0.457683112054405,0.29962095887013174,0.32180239694024754,NaN,0,,0,0,0,0,,NaN,,,NaN,,,NaN,
shell,5,5000.0,mh,output,5,4,0.035750867995783836,0.14423223211711855,0.14657762976167077,NaN,0.12185966736855969,0.10894334416611554,0.15687550741153114,0.1467072255514539,0.15373838454702654,NaN,0,,1,0,0,0,,NaN,,,NaN,,,NaN,
shell,5,5000.0,nuts,output,5,0,NaN,NaN,NaN,NaN,NaN,NaN,NaN,NaN,NaN,NaN,0,,0,0,5,0,,NaN,,,NaN,,,NaN,
shell,5,5000.0,ns,output,5,5,0.004746995794854919,0.4170448169788926,0.41087367037987144,0.15141717654262177,0.43576008019703655,0.36549375377613036,0.39907240520009346,0.47164130158952033,0.49140303977683136,NaN,0,,0,0,0,0,,NaN,,,NaN,,,NaN,
shell,5,5000.0,mw,fresh_v1_2026-09-25,5,0,NaN,NaN,NaN,NaN,NaN,NaN,NaN,NaN,NaN,NaN,0,,0,0,0,5,mh,0.035750867995783836,,mh,0.14423223211711855,,is,0.1350268153790708,
shell,5,50000.0,is,output,5,5,0.0041710558887399695,0.16301807729744175,0.1471925774913303,0.03630028551539688,0.1503330814515988,0.1798131169614697,0.1673651497178531,0.14949397613864895,0.1469861789245388,NaN,0,,0,0,0,0,,NaN,,,NaN,,,NaN,
shell,5,50000.0,mh,output,5,5,0.037668305722674024,0.059833683970734595,0.04772916973251575,NaN,0.03656556920496392,0.04208375041093575,0.04900120179132199,0.043884870608283055,0.03634855251481976,NaN,0,,0,0,0,0,,NaN,,,NaN,,,NaN,
shell,5,50000.0,nuts,output,5,2,0.0007152611363546028,0.47708701383289864,0.45730758250931686,NaN,0.33040757609547855,0.4133976258422326,0.46949964237740516,0.38440304559676597,0.2728520999949199,NaN,0,,3,0,0,0,,NaN,,,NaN,,,NaN,
shell,5,50000.0,ns,output,5,5,0.03401410323206984,0.08317341998818568,0.07528288117016022,0.1281720470368306,0.0821489336627513,0.08327791708088243,0.06620773510102511,0.07042251440246199,0.07994359283097988,NaN,0,,0,0,0,0,,NaN,,,NaN,,,NaN,
shell,5,50000.0,mw,fresh_v1_2026-09-25,5,5,2.1463062389219863e-5,2.319974513782225,2.335251899418962,1.285365647878054,3.1875151844417027,2.8679306210740423,1.7738642670186835,2.0289798289302405,2.7173200237070043,NaN,0,,0,0,0,0,mh,0.037668305722674024,false,mh,0.059833683970734595,false,is,0.03630028551539688,false
shell,5,500000.0,is,output,5,5,0.004255539096055888,0.06105601345655668,0.06046750972160596,0.008269700222943932,0.04806840662374219,0.03884395751139937,0.050671602101168875,0.05046722375228265,0.0705473988074515,NaN,0,,0,0,0,0,,NaN,,,NaN,,,NaN,
shell,5,500000.0,mh,output,5,5,0.038328652562155174,0.03807509601447499,0.03117094286620813,NaN,0.024089249358615828,0.02355637077940038,0.02639280292844572,0.01770477795689702,0.03016162408581673,NaN,0,,0,0,0,0,,NaN,,,NaN,,,NaN,
shell,5,500000.0,nuts,output,5,5,0.008440777911335172,0.05623287812896873,0.045474512486278026,NaN,0.06251333562028041,0.04795384832436236,0.036772643475983205,0.05009213103715995,0.05520832390893782,NaN,0,,0,0,0,0,,NaN,,,NaN,,,NaN,
shell,5,500000.0,ns,output,5,5,0.004387121495862998,0.058050500678327156,0.07015328596104063,0.042184071480423135,0.05681264091794933,0.06644906777094457,0.053939015194789976,0.048830879908825245,0.08227048474127363,NaN,0,,0,0,0,0,,NaN,,,NaN,,,NaN,
shell,5,500000.0,mw,fresh_v1_2026-09-25,5,5,7.7627284851412e-6,1.0138616959778195,1.011427094901197,0.4670179411975628,0.8310977329715545,0.9766401620133823,1.3156392023196284,0.9488608506791281,0.937541609824003,NaN,0,,0,0,0,0,mh,0.038328652562155174,false,mh,0.03807509601447499,false,is,0.008269700222943932,false
