algorithm,B,n,median_offset,mean_offset,std_offset
is,5000.0,5,4.910491428936091,5.194572941367223,0.7383239232766396
is,50000.0,5,5.451986796305713,5.891974458770652,0.9006209814869881
is,500000.0,5,5.878994948685195,6.34032914240232,0.8826950713584298
mw,5000.0,5,3.6592418338211843,3.833941401140713,0.31498415756149456
mw,50000.0,5,5.720886052568584,5.715550455019598,0.0333042889438653
mw,500000.0,5,5.733980181413571,5.730698074924879,0.018227140749031916
ns,5000.0,5,5.265080664788961,5.4216914630891395,0.6699576688751746
ns,50000.0,5,5.068864124037846,5.091207279214158,0.2142241917206601
ns,500000.0,5,5.371906374687136,5.307632614929439,0.2787901217114068
