d,B,metric,problem,algorithm,row_d,inscribed_median,primary_cell_medians,grey,n_eligible
5,500000.0,eta_Nlike,mvn,is,5,1.284532148882341e-5,1.284532148882341e-5,false,20
5,500000.0,eta_Nlike,mvn,mh,5,0.0030619063308224793,0.0030619063308224793,false,20
5,500000.0,eta_Nlike,mvn,nuts,5,0.003691682598999483,0.003691682598999483,false,20
5,500000.0,eta_Nlike,mvn,ns,5,0.018296821080460594,0.018296821080460594,false,20
5,500000.0,eta_Nlike,mvn,mw,5,0.8349392142036123,0.8349392142036123,false,20
5,500000.0,eta_Nlike,banana,is,5,0.0001772217248574297,0.0001772217248574297,false,20
5,500000.0,eta_Nlike,banana,mh,5,0.011048124160451442,0.011048124160451442,false,20
5,500000.0,eta_Nlike,banana,nuts,5,0.004123670647876786,0.004123670647876786,false,20
5,500000.0,eta_Nlike,banana,ns,5,0.00769764064288511,0.00769764064288511,false,20
5,500000.0,eta_Nlike,banana,mw,5,0.5159826948669558,0.5159826948669558,false,20
5,500000.0,eta_Nlike,funnel,is,5,6.314365035218813e-5,6.314365035218813e-5,false,20
5,500000.0,eta_Nlike,funnel,mh,5,0.0005560907281988015,0.0005560907281988015,false,13
5,500000.0,eta_Nlike,funnel,nuts,5,0.0003212485993621659,0.0003212485993621659,false,20
5,500000.0,eta_Nlike,funnel,ns,5,0.0366484887040454,0.0366484887040454,false,20
5,500000.0,eta_Nlike,funnel,mw,5,0.443534969457804,0.443534969457804,false,20
5,500000.0,eta_Nlike,mridges,is,5,8.681836237871328e-5,8.681836237871328e-5,false,20
5,500000.0,eta_Nlike,mridges,mh,5,0.00023051918606813903,0.00023051918606813903,false,4
5,500000.0,eta_Nlike,mridges,nuts,5,NaN,NaN,true,0
5,500000.0,eta_Nlike,mridges,ns,5,0.00019021273414983173,0.00019021273414983173,false,20
5,500000.0,eta_Nlike,mridges,mw,5,0.24318887693574326,0.24318887693574326,false,20
5,500000.0,eta_Nlike,shell,is,5,0.004255539096055888,0.004255539096055888,false,5
5,500000.0,eta_Nlike,shell,mh,5,0.038328652562155174,0.038328652562155174,false,5
5,500000.0,eta_Nlike,shell,nuts,5,0.008440777911335172,0.008440777911335172,false,5
5,500000.0,eta_Nlike,shell,ns,5,0.004387121495862998,0.004387121495862998,false,5
5,500000.0,eta_Nlike,shell,mw,5,7.7627284851412e-6,7.7627284851412e-6,false,5
5,500000.0,eta_Nlike,mridges_spiky,is,5,1.4662566180574686e-5,1.4662566180574686e-5,false,10
5,500000.0,eta_Nlike,mridges_spiky,mh,5,0.007506128692771703,0.007506128692771703,false,10
5,500000.0,eta_Nlike,mridges_spiky,nuts,5,0.00012630160152233655,0.00012630160152233655,false,3
5,500000.0,eta_Nlike,mridges_spiky,ns,5,0.00776388049713724,0.00776388049713724,false,10
5,500000.0,eta_Nlike,mridges_spiky,mw,5,0.7506801079868486,0.7506801079868486,false,10
5,500000.0,eta_Nlike,eggbox,is,2,0.47703423594884453,0.47703423594884453,false,10
5,500000.0,eta_Nlike,eggbox,mh,2,0.047288172229327186,0.047288172229327186,false,10
5,500000.0,eta_Nlike,eggbox,nuts,2,0.0031636688597566584,0.0031636688597566584,false,10
5,500000.0,eta_Nlike,eggbox,ns,2,0.0033201186084361066,0.0033201186084361066,false,10
5,500000.0,eta_Nlike,eggbox,mw,2,0.7155511905428785,0.7155511905428785,false,10
5,500000.0,dlogZ,mvn,is,5,0.33507523447654997,0.33507523447654997,false,20
5,500000.0,dlogZ,mvn,ns,5,0.06217110485040234,0.06217110485040234,false,20
5,500000.0,dlogZ,mvn,mw,5,0.0001379811611670334,0.0001379811611670334,false,20
5,500000.0,dlogZ,banana,is,5,0.060932845791349166,0.060932845791349166,false,20
5,500000.0,dlogZ,banana,ns,5,0.0855966128207406,0.0855966128207406,false,20
5,500000.0,dlogZ,banana,mw,5,0.0008029035966163889,0.0008029035966163889,false,20
5,500000.0,dlogZ,funnel,is,5,0.25741717044830814,0.25741717044830814,false,20
5,500000.0,dlogZ,funnel,ns,5,0.3862889049025231,0.3862889049025231,false,20
5,500000.0,dlogZ,funnel,mw,5,0.0006745379873702717,0.0006745379873702717,false,20
5,500000.0,dlogZ,mridges,is,5,0.11977697055198444,0.11977697055198444,false,20
5,500000.0,dlogZ,mridges,ns,5,0.09214151224984324,0.09214151224984324,false,20
5,500000.0,dlogZ,mridges,mw,5,0.1287684823137969,0.1287684823137969,false,20
5,500000.0,dlogZ,shell,is,5,0.008269700222943932,0.008269700222943932,false,5
5,500000.0,dlogZ,shell,ns,5,0.042184071480423135,0.042184071480423135,false,5
5,500000.0,dlogZ,shell,mw,5,0.4670179411975628,0.4670179411975628,false,5
5,500000.0,dlogZ,mridges_spiky,is,5,0.41958823412654667,0.41958823412654667,false,10
5,500000.0,dlogZ,mridges_spiky,ns,5,0.135009887370237,0.135009887370237,false,10
5,500000.0,dlogZ,mridges_spiky,mw,5,0.0006408402538484737,0.0006408402538484737,false,10
5,500000.0,dlogZ,eggbox,is,2,0.0010884585853814244,0.0010884585853814244,false,10
5,500000.0,dlogZ,eggbox,ns,2,0.01917544233397228,0.01917544233397228,false,10
5,500000.0,dlogZ,eggbox,mw,2,0.0006330610005766957,0.0006330610005766957,false,10
5,500000.0,W1_marginal_avg,mvn,is,5,0.38782070280441705,0.38782070280441705,false,20
5,500000.0,W1_marginal_avg,mvn,mh,5,0.022129990256418715,0.022129990256418715,false,20
5,500000.0,W1_marginal_avg,mvn,nuts,5,0.027605676059766555,0.027605676059766555,false,20
5,500000.0,W1_marginal_avg,mvn,ns,5,0.024634296067580462,0.024634296067580462,false,20
5,500000.0,W1_marginal_avg,mvn,mw,5,0.016062126104678706,0.016062126104678706,false,20
5,500000.0,W1_marginal_avg,banana,is,5,0.11273083180136906,0.11273083180136906,false,20
5,500000.0,W1_marginal_avg,banana,mh,5,0.02334407483871833,0.02334407483871833,false,20
5,500000.0,W1_marginal_avg,banana,nuts,5,0.06255259764522222,0.06255259764522222,false,20
5,500000.0,W1_marginal_avg,banana,ns,5,0.030758278822797032,0.030758278822797032,false,20
5,500000.0,W1_marginal_avg,banana,mw,5,0.02109840108626563,0.02109840108626563,false,20
5,500000.0,W1_marginal_avg,funnel,is,5,0.463930065344033,0.463930065344033,false,20
5,500000.0,W1_marginal_avg,funnel,mh,5,0.10735436980288375,0.10735436980288375,false,13
5,500000.0,W1_marginal_avg,funnel,nuts,5,0.3137157355937713,0.3137157355937713,false,20
5,500000.0,W1_marginal_avg,funnel,ns,5,0.6005727140086461,0.6005727140086461,false,20
5,500000.0,W1_marginal_avg,funnel,mw,5,0.037185831222186716,0.037185831222186716,false,20
5,500000.0,W1_marginal_avg,mridges,is,5,0.3231795093891507,0.3231795093891507,false,20
5,500000.0,W1_marginal_avg,mridges,mh,5,0.11591355291565576,0.11591355291565576,false,4
5,500000.0,W1_marginal_avg,mridges,nuts,5,NaN,NaN,true,0
5,500000.0,W1_marginal_avg,mridges,ns,5,0.24752336298582772,0.24752336298582772,false,20
5,500000.0,W1_marginal_avg,mridges,mw,5,0.15343852749087,0.15343852749087,false,20
5,500000.0,W1_marginal_avg,shell,is,5,0.06105601345655668,0.06105601345655668,false,5
5,500000.0,W1_marginal_avg,shell,mh,5,0.03807509601447499,0.03807509601447499,false,5
5,500000.0,W1_marginal_avg,shell,nuts,5,0.05623287812896873,0.05623287812896873,false,5
5,500000.0,W1_marginal_avg,shell,ns,5,0.058050500678327156,0.058050500678327156,false,5
5,500000.0,W1_marginal_avg,shell,mw,5,1.0138616959778195,1.0138616959778195,false,5
5,500000.0,W1_marginal_avg,mridges_spiky,is,5,0.24954182572709296,0.24954182572709296,false,10
5,500000.0,W1_marginal_avg,mridges_spiky,mh,5,0.013700682435358255,0.013700682435358255,false,10
5,500000.0,W1_marginal_avg,mridges_spiky,nuts,5,0.036656996972045656,0.036656996972045656,false,3
5,500000.0,W1_marginal_avg,mridges_spiky,ns,5,0.019934798821971557,0.019934798821971557,false,10
5,500000.0,W1_marginal_avg,mridges_spiky,mw,5,0.013161499348487406,0.013161499348487406,false,10
5,500000.0,W1_marginal_avg,eggbox,is,2,0.07722351741229189,0.07722351741229189,false,10
5,500000.0,W1_marginal_avg,eggbox,mh,2,0.06618888971665188,0.06618888971665188,false,10
5,500000.0,W1_marginal_avg,eggbox,nuts,2,0.1920461096904039,0.1920461096904039,false,10
5,500000.0,W1_marginal_avg,eggbox,ns,2,0.2311941985843526,0.2311941985843526,false,10
5,500000.0,W1_marginal_avg,eggbox,mw,2,0.08530190386849597,0.08530190386849597,false,10
5,500000.0,QE_p025,mvn,is,5,0.3589232800841379,0.3589232800841379,false,20
5,500000.0,QE_p025,mvn,mh,5,0.04029737023205304,0.04029737023205304,false,20
5,500000.0,QE_p025,mvn,nuts,5,0.043221314749325404,0.043221314749325404,false,20
5,500000.0,QE_p025,mvn,ns,5,0.029917129920814835,0.029917129920814835,false,20
5,500000.0,QE_p025,mvn,mw,5,0.023044079910526573,0.023044079910526573,false,20
5,500000.0,QE_p025,banana,is,5,0.10036955260530656,0.10036955260530656,false,20
5,500000.0,QE_p025,banana,mh,5,0.031186972812643973,0.031186972812643973,false,20
5,500000.0,QE_p025,banana,nuts,5,0.06735243331311383,0.06735243331311383,false,20
5,500000.0,QE_p025,banana,ns,5,0.0452046051184094,0.0452046051184094,false,20
5,500000.0,QE_p025,banana,mw,5,0.017654384493858102,0.017654384493858102,false,20
5,500000.0,QE_p025,funnel,is,5,1.1258604083045052,1.1258604083045052,false,20
5,500000.0,QE_p025,funnel,mh,5,0.5005927001751852,0.5005927001751852,false,13
5,500000.0,QE_p025,funnel,nuts,5,0.8048913016574857,0.8048913016574857,false,20
5,500000.0,QE_p025,funnel,ns,5,1.446498802933713,1.446498802933713,false,20
5,500000.0,QE_p025,funnel,mw,5,0.1073446582822731,0.1073446582822731,false,20
5,500000.0,QE_p025,mridges,is,5,0.16958150555994633,0.16958150555994633,false,20
5,500000.0,QE_p025,mridges,mh,5,0.08612523330888844,0.08612523330888844,false,4
5,500000.0,QE_p025,mridges,nuts,5,NaN,NaN,true,0
5,500000.0,QE_p025,mridges,ns,5,0.10889779458228563,0.10889779458228563,false,20
5,500000.0,QE_p025,mridges,mw,5,0.034074665228746165,0.034074665228746165,false,20
5,500000.0,QE_p025,shell,is,5,0.04806840662374219,0.04806840662374219,false,5
5,500000.0,QE_p025,shell,mh,5,0.024089249358615828,0.024089249358615828,false,5
5,500000.0,QE_p025,shell,nuts,5,0.06251333562028041,0.06251333562028041,false,5
5,500000.0,QE_p025,shell,ns,5,0.05681264091794933,0.05681264091794933,false,5
5,500000.0,QE_p025,shell,mw,5,0.8310977329715545,0.8310977329715545,false,5
5,500000.0,QE_p025,mridges_spiky,is,5,0.21143589832915644,0.21143589832915644,false,10
5,500000.0,QE_p025,mridges_spiky,mh,5,0.012971135709958358,0.012971135709958358,false,10
5,500000.0,QE_p025,mridges_spiky,nuts,5,0.02031156841981263,0.02031156841981263,false,3
5,500000.0,QE_p025,mridges_spiky,ns,5,0.021275632692537738,0.021275632692537738,false,10
5,500000.0,QE_p025,mridges_spiky,mw,5,0.008640493286080386,0.008640493286080386,false,10
5,500000.0,QE_p025,eggbox,is,2,0.019235771191202566,0.019235771191202566,false,10
5,500000.0,QE_p025,eggbox,mh,2,0.024823521913778457,0.024823521913778457,false,10
5,500000.0,QE_p025,eggbox,nuts,2,0.03223490746439017,0.03223490746439017,false,10
5,500000.0,QE_p025,eggbox,ns,2,0.10448872927152131,0.10448872927152131,false,10
5,500000.0,QE_p025,eggbox,mw,2,0.024366406035154053,0.024366406035154053,false,10
5,500000.0,QE_p160,mvn,is,5,0.3710514593140149,0.3710514593140149,false,20
5,500000.0,QE_p160,mvn,mh,5,0.018450541629876985,0.018450541629876985,false,20
5,500000.0,QE_p160,mvn,nuts,5,0.025679980483504772,0.025679980483504772,false,20
5,500000.0,QE_p160,mvn,ns,5,0.02606352352681416,0.02606352352681416,false,20
5,500000.0,QE_p160,mvn,mw,5,0.01348952311805256,0.01348952311805256,false,20
5,500000.0,QE_p160,banana,is,5,0.1007720849797786,0.1007720849797786,false,20
5,500000.0,QE_p160,banana,mh,5,0.012945029343133928,0.012945029343133928,false,20
5,500000.0,QE_p160,banana,nuts,5,0.03027485748645392,0.03027485748645392,false,20
5,500000.0,QE_p160,banana,ns,5,0.0212143491391114,0.0212143491391114,false,20
5,500000.0,QE_p160,banana,mw,5,0.012299072788329368,0.012299072788329368,false,20
5,500000.0,QE_p160,funnel,is,5,0.7460205202683525,0.7460205202683525,false,20
5,500000.0,QE_p160,funnel,mh,5,0.13501959318607692,0.13501959318607692,false,13
5,500000.0,QE_p160,funnel,nuts,5,0.4252996781746538,0.4252996781746538,false,20
5,500000.0,QE_p160,funnel,ns,5,0.9462911582086413,0.9462911582086413,false,20
5,500000.0,QE_p160,funnel,mw,5,0.02697834978844784,0.02697834978844784,false,20
5,500000.0,QE_p160,mridges,is,5,0.21721671731697487,0.21721671731697487,false,20
5,500000.0,QE_p160,mridges,mh,5,0.04651932285420038,0.04651932285420038,false,4
5,500000.0,QE_p160,mridges,nuts,5,NaN,NaN,true,0
5,500000.0,QE_p160,mridges,ns,5,0.158204370157112,0.158204370157112,false,20
5,500000.0,QE_p160,mridges,mw,5,0.051192491750283155,0.051192491750283155,false,20
5,500000.0,QE_p160,shell,is,5,0.03884395751139937,0.03884395751139937,false,5
5,500000.0,QE_p160,shell,mh,5,0.02355637077940038,0.02355637077940038,false,5
5,500000.0,QE_p160,shell,nuts,5,0.04795384832436236,0.04795384832436236,false,5
5,500000.0,QE_p160,shell,ns,5,0.06644906777094457,0.06644906777094457,false,5
5,500000.0,QE_p160,shell,mw,5,0.9766401620133823,0.9766401620133823,false,5
5,500000.0,QE_p160,mridges_spiky,is,5,0.22529781302522145,0.22529781302522145,false,10
5,500000.0,QE_p160,mridges_spiky,mh,5,0.009996546313794659,0.009996546313794659,false,10
5,500000.0,QE_p160,mridges_spiky,nuts,5,0.031937004396143866,0.031937004396143866,false,3
5,500000.0,QE_p160,mridges_spiky,ns,5,0.015282047819379585,0.015282047819379585,false,10
5,500000.0,QE_p160,mridges_spiky,mw,5,0.007866684851160356,0.007866684851160356,false,10
5,500000.0,QE_p160,eggbox,is,2,0.025925792243976398,0.025925792243976398,false,10
5,500000.0,QE_p160,eggbox,mh,2,0.03158590215013346,0.03158590215013346,false,10
5,500000.0,QE_p160,eggbox,nuts,2,0.10940105393225585,0.10940105393225585,false,10
5,500000.0,QE_p160,eggbox,ns,2,0.11903294045026591,0.11903294045026591,false,10
5,500000.0,QE_p160,eggbox,mw,2,0.030479352451837416,0.030479352451837416,false,10
5,500000.0,QE_p500,mvn,is,5,0.3612720614394379,0.3612720614394379,false,20
5,500000.0,QE_p500,mvn,mh,5,0.015453641925728717,0.015453641925728717,false,20
5,500000.0,QE_p500,mvn,nuts,5,0.025759538537870164,0.025759538537870164,false,20
5,500000.0,QE_p500,mvn,ns,5,0.013399783436834588,0.013399783436834588,false,20
5,500000.0,QE_p500,mvn,mw,5,0.010575816336942268,0.010575816336942268,false,20
5,500000.0,QE_p500,banana,is,5,0.11453358285933996,0.11453358285933996,false,20
5,500000.0,QE_p500,banana,mh,5,0.011393697667925286,0.011393697667925286,false,20
5,500000.0,QE_p500,banana,nuts,5,0.02787103233951952,0.02787103233951952,false,20
5,500000.0,QE_p500,banana,ns,5,0.02115533679492164,0.02115533679492164,false,20
5,500000.0,QE_p500,banana,mw,5,0.01084672735288215,0.01084672735288215,false,20
5,500000.0,QE_p500,funnel,is,5,0.2675843650053106,0.2675843650053106,false,20
5,500000.0,QE_p500,funnel,mh,5,0.03998620934454203,0.03998620934454203,false,13
5,500000.0,QE_p500,funnel,nuts,5,0.11544864162418553,0.11544864162418553,false,20
5,500000.0,QE_p500,funnel,ns,5,0.23118413518162345,0.23118413518162345,false,20
5,500000.0,QE_p500,funnel,mw,5,0.00566889881072203,0.00566889881072203,false,20
5,500000.0,QE_p500,mridges,is,5,1.16016636056209,1.16016636056209,false,20
5,500000.0,QE_p500,mridges,mh,5,0.9151203561920587,0.9151203561920587,false,4
5,500000.0,QE_p500,mridges,nuts,5,NaN,NaN,true,0
5,500000.0,QE_p500,mridges,ns,5,1.1182407463540114,1.1182407463540114,false,20
5,500000.0,QE_p500,mridges,mw,5,1.0519572274191331,1.0519572274191331,false,20
5,500000.0,QE_p500,shell,is,5,0.050671602101168875,0.050671602101168875,false,5
5,500000.0,QE_p500,shell,mh,5,0.02639280292844572,0.02639280292844572,false,5
5,500000.0,QE_p500,shell,nuts,5,0.036772643475983205,0.036772643475983205,false,5
5,500000.0,QE_p500,shell,ns,5,0.053939015194789976,0.053939015194789976,false,5
5,500000.0,QE_p500,shell,mw,5,1.3156392023196284,1.3156392023196284,false,5
5,500000.0,QE_p500,mridges_spiky,is,5,0.3281135726317832,0.3281135726317832,false,10
5,500000.0,QE_p500,mridges_spiky,mh,5,0.009349882911804002,0.009349882911804002,false,10
5,500000.0,QE_p500,mridges_spiky,nuts,5,0.032012280316983804,0.032012280316983804,false,3
5,500000.0,QE_p500,mridges_spiky,ns,5,0.01181799424348463,0.01181799424348463,false,10
5,500000.0,QE_p500,mridges_spiky,mw,5,0.005334782518215227,0.005334782518215227,false,10
5,500000.0,QE_p500,eggbox,is,2,0.06931993696334071,0.06931993696334071,false,10
5,500000.0,QE_p500,eggbox,mh,2,0.11433821201469374,0.11433821201469374,false,10
5,500000.0,QE_p500,eggbox,nuts,2,0.27993163110428476,0.27993163110428476,false,10
5,500000.0,QE_p500,eggbox,ns,2,0.33035116976039625,0.33035116976039625,false,10
5,500000.0,QE_p500,eggbox,mw,2,0.08910201686469366,0.08910201686469366,false,10
5,500000.0,QE_p840,mvn,is,5,0.34452017019893455,0.34452017019893455,false,20
5,500000.0,QE_p840,mvn,mh,5,0.01793431324810338,0.01793431324810338,false,20
5,500000.0,QE_p840,mvn,nuts,5,0.022261761442589158,0.022261761442589158,false,20
5,500000.0,QE_p840,mvn,ns,5,0.02157432207362242,0.02157432207362242,false,20
5,500000.0,QE_p840,mvn,mw,5,0.009861655555044457,0.009861655555044457,false,20
5,500000.0,QE_p840,banana,is,5,0.12717482474340747,0.12717482474340747,false,20
5,500000.0,QE_p840,banana,mh,5,0.017962711050300284,0.017962711050300284,false,20
5,500000.0,QE_p840,banana,nuts,5,0.07876178205651024,0.07876178205651024,false,20
5,500000.0,QE_p840,banana,ns,5,0.033678825269728783,0.033678825269728783,false,20
5,500000.0,QE_p840,banana,mw,5,0.014893564230838008,0.014893564230838008,false,20
5,500000.0,QE_p840,funnel,is,5,0.36543540176748474,0.36543540176748474,false,20
5,500000.0,QE_p840,funnel,mh,5,0.06189425521060197,0.06189425521060197,false,13
5,500000.0,QE_p840,funnel,nuts,5,0.2593810022970925,0.2593810022970925,false,20
5,500000.0,QE_p840,funnel,ns,5,0.5467730683179912,0.5467730683179912,false,20
5,500000.0,QE_p840,funnel,mw,5,0.024831891058727563,0.024831891058727563,false,20
5,500000.0,QE_p840,mridges,is,5,0.17489957659163008,0.17489957659163008,false,20
5,500000.0,QE_p840,mridges,mh,5,0.05070753673577019,0.05070753673577019,false,4
5,500000.0,QE_p840,mridges,nuts,5,NaN,NaN,true,0
5,500000.0,QE_p840,mridges,ns,5,0.1046672834846583,0.1046672834846583,false,20
5,500000.0,QE_p840,mridges,mw,5,0.04211050942195618,0.04211050942195618,false,20
5,500000.0,QE_p840,shell,is,5,0.05046722375228265,0.05046722375228265,false,5
5,500000.0,QE_p840,shell,mh,5,0.01770477795689702,0.01770477795689702,false,5
5,500000.0,QE_p840,shell,nuts,5,0.05009213103715995,0.05009213103715995,false,5
5,500000.0,QE_p840,shell,ns,5,0.048830879908825245,0.048830879908825245,false,5
5,500000.0,QE_p840,shell,mw,5,0.9488608506791281,0.9488608506791281,false,5
5,500000.0,QE_p840,mridges_spiky,is,5,0.24771769955266873,0.24771769955266873,false,10
5,500000.0,QE_p840,mridges_spiky,mh,5,0.00985476177344698,0.00985476177344698,false,10
5,500000.0,QE_p840,mridges_spiky,nuts,5,0.030099299900168065,0.030099299900168065,false,3
5,500000.0,QE_p840,mridges_spiky,ns,5,0.01416172143848542,0.01416172143848542,false,10
5,500000.0,QE_p840,mridges_spiky,mw,5,0.007379062890148991,0.007379062890148991,false,10
5,500000.0,QE_p840,eggbox,is,2,0.05983089249946594,0.05983089249946594,false,10
5,500000.0,QE_p840,eggbox,mh,2,0.05530109437288844,0.05530109437288844,false,10
5,500000.0,QE_p840,eggbox,nuts,2,0.0842627865969261,0.0842627865969261,false,10
5,500000.0,QE_p840,eggbox,ns,2,0.12792193196210588,0.12792193196210588,false,10
5,500000.0,QE_p840,eggbox,mw,2,0.0382832525521799,0.0382832525521799,false,10
5,500000.0,QE_p975,mvn,is,5,0.34167153477401546,0.34167153477401546,false,20
5,500000.0,QE_p975,mvn,mh,5,0.026578785445374994,0.026578785445374994,false,20
5,500000.0,QE_p975,mvn,nuts,5,0.036088520640813825,0.036088520640813825,false,20
5,500000.0,QE_p975,mvn,ns,5,0.036882161923965026,0.036882161923965026,false,20
5,500000.0,QE_p975,mvn,mw,5,0.021214659145189607,0.021214659145189607,false,20
5,500000.0,QE_p975,banana,is,5,0.12250513086381605,0.12250513086381605,false,20
5,500000.0,QE_p975,banana,mh,5,0.0565599396765889,0.0565599396765889,false,20
5,500000.0,QE_p975,banana,nuts,5,0.26893098703556273,0.26893098703556273,false,20
5,500000.0,QE_p975,banana,ns,5,0.06836787746612698,0.06836787746612698,false,20
5,500000.0,QE_p975,banana,mw,5,0.029254170988631055,0.029254170988631055,false,20
5,500000.0,QE_p975,funnel,is,5,0.5176604923578529,0.5176604923578529,false,20
5,500000.0,QE_p975,funnel,mh,5,0.18017750813527308,0.18017750813527308,false,13
5,500000.0,QE_p975,funnel,nuts,5,0.35640884826844166,0.35640884826844166,false,20
5,500000.0,QE_p975,funnel,ns,5,0.6871057457528122,0.6871057457528122,false,20
5,500000.0,QE_p975,funnel,mw,5,0.08472909323040625,0.08472909323040625,false,20
5,500000.0,QE_p975,mridges,is,5,0.12402828649656224,0.12402828649656224,false,20
5,500000.0,QE_p975,mridges,mh,5,0.08630674467880532,0.08630674467880532,false,4
5,500000.0,QE_p975,mridges,nuts,5,NaN,NaN,true,0
5,500000.0,QE_p975,mridges,ns,5,0.07827173936692314,0.07827173936692314,false,20
5,500000.0,QE_p975,mridges,mw,5,0.038818321657661324,0.038818321657661324,false,20
5,500000.0,QE_p975,shell,is,5,0.0705473988074515,0.0705473988074515,false,5
5,500000.0,QE_p975,shell,mh,5,0.03016162408581673,0.03016162408581673,false,5
5,500000.0,QE_p975,shell,nuts,5,0.05520832390893782,0.05520832390893782,false,5
5,500000.0,QE_p975,shell,ns,5,0.08227048474127363,0.08227048474127363,false,5
5,500000.0,QE_p975,shell,mw,5,0.937541609824003,0.937541609824003,false,5
5,500000.0,QE_p975,mridges_spiky,is,5,0.2498449385654828,0.2498449385654828,false,10
5,500000.0,QE_p975,mridges_spiky,mh,5,0.0116790870142781,0.0116790870142781,false,10
5,500000.0,QE_p975,mridges_spiky,nuts,5,0.035826447343795434,0.035826447343795434,false,3
5,500000.0,QE_p975,mridges_spiky,ns,5,0.019425567719941507,0.019425567719941507,false,10
5,500000.0,QE_p975,mridges_spiky,mw,5,0.010816370702089762,0.010816370702089762,false,10
5,500000.0,QE_p975,eggbox,is,2,0.026334008385340724,0.026334008385340724,false,10
5,500000.0,QE_p975,eggbox,mh,2,0.0345510411019232,0.0345510411019232,false,10
5,500000.0,QE_p975,eggbox,nuts,2,0.05169307679153601,0.05169307679153601,false,10
5,500000.0,QE_p975,eggbox,ns,2,0.10643120113943194,0.10643120113943194,false,10
5,500000.0,QE_p975,eggbox,mw,2,0.04141293923306666,0.04141293923306666,false,10
5,5000.0,eta_Nlike,mvn,is,5,0.0002251808871865098,0.0002251808871865098,false,20
5,5000.0,eta_Nlike,mvn,mh,5,NaN,NaN,true,0
5,5000.0,eta_Nlike,mvn,nuts,5,NaN,NaN,true,0
5,5000.0,eta_Nlike,mvn,ns,5,0.00022205068865766676,0.00022205068865766676,false,20
5,5000.0,eta_Nlike,mvn,mw,5,NaN,NaN,true,0
5,5000.0,eta_Nlike,banana,is,5,0.00045424211506204756,0.00045424211506204756,false,20
5,5000.0,eta_Nlike,banana,mh,5,0.019161621813816424,0.019161621813816424,false,5
5,5000.0,eta_Nlike,banana,nuts,5,NaN,NaN,true,0
5,5000.0,eta_Nlike,banana,ns,5,0.0003737922966253472,0.0003737922966253472,false,20
5,5000.0,eta_Nlike,banana,mw,5,NaN,NaN,true,0
5,5000.0,eta_Nlike,funnel,is,5,0.002629320923567438,0.002629320923567438,false,20
5,5000.0,eta_Nlike,funnel,mh,5,NaN,NaN,true,0
5,5000.0,eta_Nlike,funnel,nuts,5,NaN,NaN,true,0
5,5000.0,eta_Nlike,funnel,ns,5,0.0015447365983323625,0.0015447365983323625,false,20
5,5000.0,eta_Nlike,funnel,mw,5,NaN,NaN,true,0
5,5000.0,eta_Nlike,mridges,is,5,0.0008554698404807314,0.0008554698404807314,false,20
5,5000.0,eta_Nlike,mridges,mh,5,NaN,NaN,true,0
5,5000.0,eta_Nlike,mridges,nuts,5,NaN,NaN,true,0
5,5000.0,eta_Nlike,mridges,ns,5,0.0006105899253794947,0.0006105899253794947,false,20
5,5000.0,eta_Nlike,mridges,mw,5,NaN,NaN,true,0
5,5000.0,eta_Nlike,shell,is,5,0.004988869956926567,0.004988869956926567,false,5
5,5000.0,eta_Nlike,shell,mh,5,0.035750867995783836,0.035750867995783836,false,4
5,5000.0,eta_Nlike,shell,nuts,5,NaN,NaN,true,0
5,5000.0,eta_Nlike,shell,ns,5,0.004746995794854919,0.004746995794854919,false,5
5,5000.0,eta_Nlike,shell,mw,5,NaN,NaN,true,0
5,5000.0,eta_Nlike,mridges_spiky,is,5,0.00024180369074346103,0.00024180369074346103,false,10
5,5000.0,eta_Nlike,mridges_spiky,mh,5,0.0130286795237956,0.0130286795237956,false,1
5,5000.0,eta_Nlike,mridges_spiky,nuts,5,NaN,NaN,true,0
5,5000.0,eta_Nlike,mridges_spiky,ns,5,0.00022305121034834805,0.00022305121034834805,false,10
5,5000.0,eta_Nlike,mridges_spiky,mw,5,NaN,NaN,true,0
5,5000.0,eta_Nlike,eggbox,is,2,0.4764188675564956,0.4764188675564956,false,10
5,5000.0,eta_Nlike,eggbox,mh,2,0.0421025260162676,0.0421025260162676,false,10
5,5000.0,eta_Nlike,eggbox,nuts,2,NaN,NaN,true,0
5,5000.0,eta_Nlike,eggbox,ns,2,0.2478308217164557,0.2478308217164557,false,10
5,5000.0,eta_Nlike,eggbox,mw,2,NaN,NaN,true,0
5,5000.0,dlogZ,mvn,is,5,7.238809732076595,7.238809732076595,false,20
5,5000.0,dlogZ,mvn,ns,5,8.42835257684681,8.42835257684681,false,20
5,5000.0,dlogZ,mvn,mw,5,NaN,NaN,true,0
5,5000.0,dlogZ,banana,is,5,0.9139737728333568,0.9139737728333568,false,20
5,5000.0,dlogZ,banana,ns,5,0.8628729734218075,0.8628729734218075,false,20
5,5000.0,dlogZ,banana,mw,5,NaN,NaN,true,0
5,5000.0,dlogZ,funnel,is,5,0.7979651306681772,0.7979651306681772,false,20
5,5000.0,dlogZ,funnel,ns,5,0.7097821685926009,0.7097821685926009,false,20
5,5000.0,dlogZ,funnel,mw,5,NaN,NaN,true,0
5,5000.0,dlogZ,mridges,is,5,0.5857097170930219,0.5857097170930219,false,20
5,5000.0,dlogZ,mridges,ns,5,0.7650537546957681,0.7650537546957681,false,20
5,5000.0,dlogZ,mridges,mw,5,NaN,NaN,true,0
5,5000.0,dlogZ,shell,is,5,0.1350268153790708,0.1350268153790708,false,5
5,5000.0,dlogZ,shell,ns,5,0.15141717654262177,0.15141717654262177,false,5
5,5000.0,dlogZ,shell,mw,5,NaN,NaN,true,0
5,5000.0,dlogZ,mridges_spiky,is,5,2.80408779902009,2.80408779902009,false,10
5,5000.0,dlogZ,mridges_spiky,ns,5,3.7262734371826074,3.7262734371826074,false,10
5,5000.0,dlogZ,mridges_spiky,mw,5,NaN,NaN,true,0
5,5000.0,dlogZ,eggbox,is,2,0.007054413753098565,0.007054413753098565,false,10
5,5000.0,dlogZ,eggbox,ns,2,0.033181704698648895,0.033181704698648895,false,10
5,5000.0,dlogZ,eggbox,mw,2,NaN,NaN,true,0
5,5000.0,W1_marginal_avg,mvn,is,5,1.376710769819018,1.376710769819018,false,20
5,5000.0,W1_marginal_avg,mvn,mh,5,NaN,NaN,true,0
5,5000.0,W1_marginal_avg,mvn,nuts,5,NaN,NaN,true,0
5,5000.0,W1_marginal_avg,mvn,ns,5,1.5340637158317567,1.5340637158317567,false,20
5,5000.0,W1_marginal_avg,mvn,mw,5,NaN,NaN,true,0
5,5000.0,W1_marginal_avg,banana,is,5,0.9640549574091027,0.9640549574091027,false,20
5,5000.0,W1_marginal_avg,banana,mh,5,0.15197882696690743,0.15197882696690743,false,5
5,5000.0,W1_marginal_avg,banana,nuts,5,NaN,NaN,true,0
5,5000.0,W1_marginal_avg,banana,ns,5,0.9441104282638966,0.9441104282638966,false,20
5,5000.0,W1_marginal_avg,banana,mw,5,NaN,NaN,true,0
5,5000.0,W1_marginal_avg,funnel,is,5,1.256928657913344,1.256928657913344,false,20
5,5000.0,W1_marginal_avg,funnel,mh,5,NaN,NaN,true,0
5,5000.0,W1_marginal_avg,funnel,nuts,5,NaN,NaN,true,0
5,5000.0,W1_marginal_avg,funnel,ns,5,1.1152380791309306,1.1152380791309306,false,20
5,5000.0,W1_marginal_avg,funnel,mw,5,NaN,NaN,true,0
5,5000.0,W1_marginal_avg,mridges,is,5,1.433974171363046,1.433974171363046,false,20
5,5000.0,W1_marginal_avg,mridges,mh,5,NaN,NaN,true,0
5,5000.0,W1_marginal_avg,mridges,nuts,5,NaN,NaN,true,0
5,5000.0,W1_marginal_avg,mridges,ns,5,1.4931888205562442,1.4931888205562442,false,20
5,5000.0,W1_marginal_avg,mridges,mw,5,NaN,NaN,true,0
5,5000.0,W1_marginal_avg,shell,is,5,0.3908540395889871,0.3908540395889871,false,5
5,5000.0,W1_marginal_avg,shell,mh,5,0.14423223211711855,0.14423223211711855,false,4
5,5000.0,W1_marginal_avg,shell,nuts,5,NaN,NaN,true,0
5,5000.0,W1_marginal_avg,shell,ns,5,0.4170448169788926,0.4170448169788926,false,5
5,5000.0,W1_marginal_avg,shell,mw,5,NaN,NaN,true,0
5,5000.0,W1_marginal_avg,mridges_spiky,is,5,0.9658401066080908,0.9658401066080908,false,10
5,5000.0,W1_marginal_avg,mridges_spiky,mh,5,0.1576112187219091,0.1576112187219091,false,1
5,5000.0,W1_marginal_avg,mridges_spiky,nuts,5,NaN,NaN,true,0
5,5000.0,W1_marginal_avg,mridges_spiky,ns,5,0.9802748624895469,0.9802748624895469,false,10
5,5000.0,W1_marginal_avg,mridges_spiky,mw,5,NaN,NaN,true,0
5,5000.0,W1_marginal_avg,eggbox,is,2,0.16670409608862047,0.16670409608862047,false,10
5,5000.0,W1_marginal_avg,eggbox,mh,2,0.365840976273017,0.365840976273017,false,10
5,5000.0,W1_marginal_avg,eggbox,nuts,2,NaN,NaN,true,0
5,5000.0,W1_marginal_avg,eggbox,ns,2,0.2312943151135213,0.2312943151135213,false,10
5,5000.0,W1_marginal_avg,eggbox,mw,2,NaN,NaN,true,0
5,50000.0,eta_Nlike,mvn,is,5,5.264813122915604e-5,5.264813122915604e-5,false,20
5,50000.0,eta_Nlike,mvn,mh,5,0.0033518188197374822,0.0033518188197374822,false,16
5,50000.0,eta_Nlike,mvn,nuts,5,0.0020019670879085857,0.0020019670879085857,false,19
5,50000.0,eta_Nlike,mvn,ns,5,0.011490853113395628,0.011490853113395628,false,20
5,50000.0,eta_Nlike,mvn,mw,5,0.29664059695679545,0.29664059695679545,false,20
5,50000.0,eta_Nlike,banana,is,5,0.0001928724215900517,0.0001928724215900517,false,20
5,50000.0,eta_Nlike,banana,mh,5,0.010985226309102036,0.010985226309102036,false,20
5,50000.0,eta_Nlike,banana,nuts,5,0.002257219604220236,0.002257219604220236,false,19
5,50000.0,eta_Nlike,banana,ns,5,0.0009055741560013124,0.0009055741560013124,false,20
5,50000.0,eta_Nlike,banana,mw,5,0.12540169125163808,0.12540169125163808,false,20
5,50000.0,eta_Nlike,funnel,is,5,0.00021087722644013855,0.00021087722644013855,false,20
5,50000.0,eta_Nlike,funnel,mh,5,0.001985502920059246,0.001985502920059246,false,5
5,50000.0,eta_Nlike,funnel,nuts,5,0.0001828736284311933,0.0001828736284311933,false,4
5,50000.0,eta_Nlike,funnel,ns,5,0.0013943868019895603,0.0013943868019895603,false,20
5,50000.0,eta_Nlike,funnel,mw,5,NaN,NaN,true,0
5,50000.0,eta_Nlike,mridges,is,5,0.00020397426130669617,0.00020397426130669617,false,20
5,50000.0,eta_Nlike,mridges,mh,5,NaN,NaN,true,0
5,50000.0,eta_Nlike,mridges,nuts,5,0.00035486812512787485,0.00035486812512787485,false,4
5,50000.0,eta_Nlike,mridges,ns,5,0.0004372157524658442,0.0004372157524658442,false,20
5,50000.0,eta_Nlike,mridges,mw,5,0.03168991140533107,0.03168991140533107,false,20
5,50000.0,eta_Nlike,shell,is,5,0.0041710558887399695,0.0041710558887399695,false,5
5,50000.0,eta_Nlike,shell,mh,5,0.037668305722674024,0.037668305722674024,false,5
5,50000.0,eta_Nlike,shell,nuts,5,0.0007152611363546028,0.0007152611363546028,false,2
5,50000.0,eta_Nlike,shell,ns,5,0.03401410323206984,0.03401410323206984,false,5
5,50000.0,eta_Nlike,shell,mw,5,2.1463062389219863e-5,2.1463062389219863e-5,false,5
5,50000.0,eta_Nlike,mridges_spiky,is,5,4.0332743769954554e-5,4.0332743769954554e-5,false,10
5,50000.0,eta_Nlike,mridges_spiky,mh,5,0.0072611306848424095,0.0072611306848424095,false,10
5,50000.0,eta_Nlike,mridges_spiky,nuts,5,0.00019738111961568763,0.00019738111961568763,false,4
5,50000.0,eta_Nlike,mridges_spiky,ns,5,0.0008434715812544332,0.0008434715812544332,false,10
5,50000.0,eta_Nlike,mridges_spiky,mw,5,0.5702897605231669,0.5702897605231669,false,10
5,50000.0,eta_Nlike,eggbox,is,2,0.4768665176324503,0.4768665176324503,false,10
5,50000.0,eta_Nlike,eggbox,mh,2,0.04367109446682762,0.04367109446682762,false,10
5,50000.0,eta_Nlike,eggbox,nuts,2,0.0018122096797433779,0.0018122096797433779,false,4
5,50000.0,eta_Nlike,eggbox,ns,2,0.03368608535237013,0.03368608535237013,false,10
5,50000.0,eta_Nlike,eggbox,mw,2,0.5152528275184517,0.5152528275184517,false,10
5,50000.0,dlogZ,mvn,is,5,2.0725879401978053,2.0725879401978053,false,20
5,50000.0,dlogZ,mvn,ns,5,0.14952623713586366,0.14952623713586366,false,20
5,50000.0,dlogZ,mvn,mw,5,0.0014653662319350502,0.0014653662319350502,false,20
5,50000.0,dlogZ,banana,is,5,0.2824904862073536,0.2824904862073536,false,20
5,50000.0,dlogZ,banana,ns,5,0.07855412710097642,0.07855412710097642,false,20
5,50000.0,dlogZ,banana,mw,5,0.005427248298055964,0.005427248298055964,false,20
5,50000.0,dlogZ,funnel,is,5,0.39781556481462577,0.39781556481462577,false,20
5,50000.0,dlogZ,funnel,ns,5,0.43286200655895346,0.43286200655895346,false,20
5,50000.0,dlogZ,funnel,mw,5,NaN,NaN,true,0
5,50000.0,dlogZ,mridges,is,5,0.4092133796382358,0.4092133796382358,false,20
5,50000.0,dlogZ,mridges,ns,5,0.25269039552861106,0.25269039552861106,false,20
5,50000.0,dlogZ,mridges,mw,5,0.5337108058576048,0.5337108058576048,false,20
5,50000.0,dlogZ,shell,is,5,0.03630028551539688,0.03630028551539688,false,5
5,50000.0,dlogZ,shell,ns,5,0.1281720470368306,0.1281720470368306,false,5
5,50000.0,dlogZ,shell,mw,5,1.285365647878054,1.285365647878054,false,5
5,50000.0,dlogZ,mridges_spiky,is,5,0.8687487702344203,0.8687487702344203,false,10
5,50000.0,dlogZ,mridges_spiky,ns,5,0.09298794806729926,0.09298794806729926,false,10
5,50000.0,dlogZ,mridges_spiky,mw,5,0.0014283731187338944,0.0014283731187338944,false,10
5,50000.0,dlogZ,eggbox,is,2,0.003203169775855663,0.003203169775855663,false,10
5,50000.0,dlogZ,eggbox,ns,2,0.028426360310439547,0.028426360310439547,false,10
5,50000.0,dlogZ,eggbox,mw,2,0.0027904430314436013,0.0027904430314436013,false,10
5,50000.0,W1_marginal_avg,mvn,is,5,0.943721115533507,0.943721115533507,false,20
5,50000.0,W1_marginal_avg,mvn,mh,5,0.09372447768447353,0.09372447768447353,false,16
5,50000.0,W1_marginal_avg,mvn,nuts,5,0.0845193915858288,0.0845193915858288,false,19
5,50000.0,W1_marginal_avg,mvn,ns,5,0.05172229196388452,0.05172229196388452,false,20
5,50000.0,W1_marginal_avg,mvn,mw,5,0.018968404196520565,0.018968404196520565,false,20
5,50000.0,W1_marginal_avg,banana,is,5,0.35961125826320195,0.35961125826320195,false,20
5,50000.0,W1_marginal_avg,banana,mh,5,0.042398444724018075,0.042398444724018075,false,20
5,50000.0,W1_marginal_avg,banana,nuts,5,0.10732688076990364,0.10732688076990364,false,19
5,50000.0,W1_marginal_avg,banana,ns,5,0.1665869593007176,0.1665869593007176,false,20
5,50000.0,W1_marginal_avg,banana,mw,5,0.025431757155274112,0.025431757155274112,false,20
5,50000.0,W1_marginal_avg,funnel,is,5,0.7339629125608758,0.7339629125608758,false,20
5,50000.0,W1_marginal_avg,funnel,mh,5,0.2665516099840167,0.2665516099840167,false,5
5,50000.0,W1_marginal_avg,funnel,nuts,5,0.6638469840738868,0.6638469840738868,false,4
5,50000.0,W1_marginal_avg,funnel,ns,5,0.7510463725591122,0.7510463725591122,false,20
5,50000.0,W1_marginal_avg,funnel,mw,5,NaN,NaN,true,0
5,50000.0,W1_marginal_avg,mridges,is,5,0.8253015468753967,0.8253015468753967,false,20
5,50000.0,W1_marginal_avg,mridges,mh,5,NaN,NaN,true,0
5,50000.0,W1_marginal_avg,mridges,nuts,5,2.1073199132976064,2.1073199132976064,false,4
5,50000.0,W1_marginal_avg,mridges,ns,5,0.6543341381130319,0.6543341381130319,false,20
5,50000.0,W1_marginal_avg,mridges,mw,5,0.47032766846948454,0.47032766846948454,false,20
5,50000.0,W1_marginal_avg,shell,is,5,0.16301807729744175,0.16301807729744175,false,5
5,50000.0,W1_marginal_avg,shell,mh,5,0.059833683970734595,0.059833683970734595,false,5
5,50000.0,W1_marginal_avg,shell,nuts,5,0.47708701383289864,0.47708701383289864,false,2
5,50000.0,W1_marginal_avg,shell,ns,5,0.08317341998818568,0.08317341998818568,false,5
5,50000.0,W1_marginal_avg,shell,mw,5,2.319974513782225,2.319974513782225,false,5
5,50000.0,W1_marginal_avg,mridges_spiky,is,5,0.5401756733569125,0.5401756733569125,false,10
5,50000.0,W1_marginal_avg,mridges_spiky,mh,5,0.035933859612611196,0.035933859612611196,false,10
5,50000.0,W1_marginal_avg,mridges_spiky,nuts,5,0.144137460934192,0.144137460934192,false,4
5,50000.0,W1_marginal_avg,mridges_spiky,ns,5,0.10913187069455063,0.10913187069455063,false,10
5,50000.0,W1_marginal_avg,mridges_spiky,mw,5,0.012092338337489645,0.012092338337489645,false,10
5,50000.0,W1_marginal_avg,eggbox,is,2,0.11010135617298723,0.11010135617298723,false,10
5,50000.0,W1_marginal_avg,eggbox,mh,2,0.1535561148406579,0.1535561148406579,false,10
5,50000.0,W1_marginal_avg,eggbox,nuts,2,0.5408891754692609,0.5408891754692609,false,4
5,50000.0,W1_marginal_avg,eggbox,ns,2,0.16689968130946653,0.16689968130946653,false,10
5,50000.0,W1_marginal_avg,eggbox,mw,2,0.10684918482830422,0.10684918482830422,false,10
2,500000.0,eta_Nlike,mvn,is,2,0.013682786476426793,0.013682786476426793,false,20
2,500000.0,eta_Nlike,mvn,mh,2,0.03792662935298319,0.03792662935298319,false,20
2,500000.0,eta_Nlike,mvn,nuts,2,0.019280758462917956,0.019280758462917956,false,20
2,500000.0,eta_Nlike,mvn,ns,2,0.0284641124556667,0.0284641124556667,false,20
2,500000.0,eta_Nlike,mvn,mw,2,0.8948348961637256,0.8948348961637256,false,20
2,500000.0,eta_Nlike,banana,is,2,0.03120611160946092,0.03120611160946092,false,20
2,500000.0,eta_Nlike,banana,mh,2,0.03300512128807566,0.03300512128807566,false,20
2,500000.0,eta_Nlike,banana,nuts,2,0.010752446136333891,0.010752446136333891,false,20
2,500000.0,eta_Nlike,banana,ns,2,0.017863295725940278,0.017863295725940278,false,20
2,500000.0,eta_Nlike,banana,mw,2,0.5840424178830775,0.5840424178830775,false,20
2,500000.0,eta_Nlike,funnel,is,2,0.04867895331201871,0.04867895331201871,false,20
2,500000.0,eta_Nlike,funnel,mh,2,0.018742242135532737,0.018742242135532737,false,20
2,500000.0,eta_Nlike,funnel,nuts,2,0.004659752521199751,0.004659752521199751,false,20
2,500000.0,eta_Nlike,funnel,ns,2,0.021357847024268,0.021357847024268,false,20
2,500000.0,eta_Nlike,funnel,mw,2,0.5265725378338469,0.5265725378338469,false,20
2,500000.0,eta_Nlike,mridges,is,2,0.02889009399891903,0.02889009399891903,false,20
2,500000.0,eta_Nlike,mridges,mh,2,0.002291928633878862,0.002291928633878862,false,20
2,500000.0,eta_Nlike,mridges,nuts,2,NaN,NaN,true,0
2,500000.0,eta_Nlike,mridges,ns,2,0.0037521542148647646,0.0037521542148647646,false,20
2,500000.0,eta_Nlike,mridges,mw,2,0.8116804651433016,0.8116804651433016,false,20
2,500000.0,eta_Nlike,shell,is,2,NaN,NaN,true,0
2,500000.0,eta_Nlike,shell,mh,2,NaN,NaN,true,0
2,500000.0,eta_Nlike,shell,nuts,2,NaN,NaN,true,0
2,500000.0,eta_Nlike,shell,ns,2,NaN,NaN,true,0
2,500000.0,eta_Nlike,shell,mw,2,NaN,NaN,true,0
2,500000.0,eta_Nlike,mridges_spiky,is,2,NaN,NaN,true,0
2,500000.0,eta_Nlike,mridges_spiky,mh,2,NaN,NaN,true,0
2,500000.0,eta_Nlike,mridges_spiky,nuts,2,NaN,NaN,true,0
2,500000.0,eta_Nlike,mridges_spiky,ns,2,NaN,NaN,true,0
2,500000.0,eta_Nlike,mridges_spiky,mw,2,NaN,NaN,true,0
2,500000.0,eta_Nlike,eggbox,is,2,0.47703423594884453,0.47703423594884453,false,10
2,500000.0,eta_Nlike,eggbox,mh,2,0.047288172229327186,0.047288172229327186,false,10
2,500000.0,eta_Nlike,eggbox,nuts,2,0.0031636688597566584,0.0031636688597566584,false,10
2,500000.0,eta_Nlike,eggbox,ns,2,0.0033201186084361066,0.0033201186084361066,false,10
2,500000.0,eta_Nlike,eggbox,mw,2,0.7155511905428785,0.7155511905428785,false,10
2,500000.0,dlogZ,mvn,is,2,0.009148890292194345,0.009148890292194345,false,20
2,500000.0,dlogZ,mvn,ns,2,0.059841092677207275,0.059841092677207275,false,20
2,500000.0,dlogZ,mvn,mw,2,0.00017434906763025282,0.00017434906763025282,false,20
2,500000.0,dlogZ,banana,is,2,0.005941100475276073,0.005941100475276073,false,20
2,500000.0,dlogZ,banana,ns,2,0.04771236285880809,0.04771236285880809,false,20
2,500000.0,dlogZ,banana,mw,2,0.0010621654029652206,0.0010621654029652206,false,20
2,500000.0,dlogZ,funnel,is,2,0.005161851797548245,0.005161851797548245,false,20
2,500000.0,dlogZ,funnel,ns,2,0.061545266092051465,0.061545266092051465,false,20
2,500000.0,dlogZ,funnel,mw,2,0.0010619946139236447,0.0010619946139236447,false,20
2,500000.0,dlogZ,mridges,is,2,0.005121570130139919,0.005121570130139919,false,20
2,500000.0,dlogZ,mridges,ns,2,0.052080157867277155,0.052080157867277155,false,20
2,500000.0,dlogZ,mridges,mw,2,0.0005573327597203637,0.0005573327597203637,false,20
2,500000.0,dlogZ,shell,is,2,NaN,NaN,true,0
2,500000.0,dlogZ,shell,ns,2,NaN,NaN,true,0
2,500000.0,dlogZ,shell,mw,2,NaN,NaN,true,0
2,500000.0,dlogZ,mridges_spiky,is,2,NaN,NaN,true,0
2,500000.0,dlogZ,mridges_spiky,ns,2,NaN,NaN,true,0
2,500000.0,dlogZ,mridges_spiky,mw,2,NaN,NaN,true,0
2,500000.0,dlogZ,eggbox,is,2,0.0010884585853814244,0.0010884585853814244,false,10
2,500000.0,dlogZ,eggbox,ns,2,0.01917544233397228,0.01917544233397228,false,10
2,500000.0,dlogZ,eggbox,mw,2,0.0006330610005766957,0.0006330610005766957,false,10
2,500000.0,W1_marginal_avg,mvn,is,2,0.019120752414855908,0.019120752414855908,false,20
2,500000.0,W1_marginal_avg,mvn,mh,2,0.01771810390687205,0.01771810390687205,false,20
2,500000.0,W1_marginal_avg,mvn,nuts,2,0.019541916000537438,0.019541916000537438,false,20
2,500000.0,W1_marginal_avg,mvn,ns,2,0.03979008973098794,0.03979008973098794,false,20
2,500000.0,W1_marginal_avg,mvn,mw,2,0.01583309471939273,0.01583309471939273,false,20
2,500000.0,W1_marginal_avg,banana,is,2,0.024303098855070836,0.024303098855070836,false,20
2,500000.0,W1_marginal_avg,banana,mh,2,0.023100357653646722,0.023100357653646722,false,20
2,500000.0,W1_marginal_avg,banana,nuts,2,0.11625610994784094,0.11625610994784094,false,20
2,500000.0,W1_marginal_avg,banana,ns,2,0.05549474842501851,0.05549474842501851,false,20
2,500000.0,W1_marginal_avg,banana,mw,2,0.02213263057076293,0.02213263057076293,false,20
2,500000.0,W1_marginal_avg,funnel,is,2,0.045741105700321416,0.045741105700321416,false,20
2,500000.0,W1_marginal_avg,funnel,mh,2,0.054936232249216094,0.054936232249216094,false,20
2,500000.0,W1_marginal_avg,funnel,nuts,2,0.5598109895284427,0.5598109895284427,false,20
2,500000.0,W1_marginal_avg,funnel,ns,2,0.08654615574065197,0.08654615574065197,false,20
2,500000.0,W1_marginal_avg,funnel,mw,2,0.048750431670534736,0.048750431670534736,false,20
2,500000.0,W1_marginal_avg,mridges,is,2,0.042790129802129345,0.042790129802129345,false,20
2,500000.0,W1_marginal_avg,mridges,mh,2,0.06341582703425219,0.06341582703425219,false,20
2,500000.0,W1_marginal_avg,mridges,nuts,2,NaN,NaN,true,0
2,500000.0,W1_marginal_avg,mridges,ns,2,0.06210472459651023,0.06210472459651023,false,20
2,500000.0,W1_marginal_avg,mridges,mw,2,0.035227793464699515,0.035227793464699515,false,20
2,500000.0,W1_marginal_avg,shell,is,2,NaN,NaN,true,0
2,500000.0,W1_marginal_avg,shell,mh,2,NaN,NaN,true,0
2,500000.0,W1_marginal_avg,shell,nuts,2,NaN,NaN,true,0
2,500000.0,W1_marginal_avg,shell,ns,2,NaN,NaN,true,0
2,500000.0,W1_marginal_avg,shell,mw,2,NaN,NaN,true,0
2,500000.0,W1_marginal_avg,mridges_spiky,is,2,NaN,NaN,true,0
2,500000.0,W1_marginal_avg,mridges_spiky,mh,2,NaN,NaN,true,0
2,500000.0,W1_marginal_avg,mridges_spiky,nuts,2,NaN,NaN,true,0
2,500000.0,W1_marginal_avg,mridges_spiky,ns,2,NaN,NaN,true,0
2,500000.0,W1_marginal_avg,mridges_spiky,mw,2,NaN,NaN,true,0
2,500000.0,W1_marginal_avg,eggbox,is,2,0.07722351741229189,0.07722351741229189,false,10
2,500000.0,W1_marginal_avg,eggbox,mh,2,0.06618888971665188,0.06618888971665188,false,10
2,500000.0,W1_marginal_avg,eggbox,nuts,2,0.1920461096904039,0.1920461096904039,false,10
2,500000.0,W1_marginal_avg,eggbox,ns,2,0.2311941985843526,0.2311941985843526,false,10
2,500000.0,W1_marginal_avg,eggbox,mw,2,0.08530190386849597,0.08530190386849597,false,10
10,500000.0,eta_Nlike,mvn,is,10,2.0022781907821237e-6,2.0022781907821237e-6,false,20
10,500000.0,eta_Nlike,mvn,mh,10,0.0006798566351070034,0.0006798566351070034,false,20
10,500000.0,eta_Nlike,mvn,nuts,10,0.000875988864850469,0.000875988864850469,false,20
10,500000.0,eta_Nlike,mvn,ns,10,4.50256442455806e-6,4.50256442455806e-6,false,20
10,500000.0,eta_Nlike,mvn,mw,10,0.6085644603370166,0.6085644603370166,false,20
10,500000.0,eta_Nlike,banana,is,10,2.989373850176771e-6,2.989373850176771e-6,false,20
10,500000.0,eta_Nlike,banana,mh,10,0.005727442350354966,0.005727442350354966,false,20
10,500000.0,eta_Nlike,banana,nuts,10,0.0014964511362930556,0.0014964511362930556,false,20
10,500000.0,eta_Nlike,banana,ns,10,1.7982058507503748e-5,1.7982058507503748e-5,false,20
10,500000.0,eta_Nlike,banana,mw,10,0.39703318439640595,0.39703318439640595,false,20
10,500000.0,eta_Nlike,funnel,is,10,8.716647126677335e-5,8.716647126677335e-5,false,20
10,500000.0,eta_Nlike,funnel,mh,10,0.00033250526121957275,0.00033250526121957275,false,14
10,500000.0,eta_Nlike,funnel,nuts,10,8.821498284857941e-5,8.821498284857941e-5,false,11
10,500000.0,eta_Nlike,funnel,ns,10,0.00030994344513066407,0.00030994344513066407,false,20
10,500000.0,eta_Nlike,funnel,mw,10,0.17482829007596812,0.17482829007596812,false,20
10,500000.0,eta_Nlike,mridges,is,10,6.662275532413126e-6,6.662275532413126e-6,false,20
10,500000.0,eta_Nlike,mridges,mh,10,NaN,NaN,true,0
10,500000.0,eta_Nlike,mridges,nuts,10,NaN,NaN,true,0
10,500000.0,eta_Nlike,mridges,ns,10,0.00011505688377646324,0.00011505688377646324,false,20
10,500000.0,eta_Nlike,mridges,mw,10,3.838679211751814e-5,3.838679211751814e-5,false,20
10,500000.0,eta_Nlike,shell,is,10,NaN,NaN,true,0
10,500000.0,eta_Nlike,shell,mh,10,NaN,NaN,true,0
10,500000.0,eta_Nlike,shell,nuts,10,NaN,NaN,true,0
10,500000.0,eta_Nlike,shell,ns,10,NaN,NaN,true,0
10,500000.0,eta_Nlike,shell,mw,10,NaN,NaN,true,0
10,500000.0,eta_Nlike,mridges_spiky,is,10,NaN,NaN,true,0
10,500000.0,eta_Nlike,mridges_spiky,mh,10,NaN,NaN,true,0
10,500000.0,eta_Nlike,mridges_spiky,nuts,10,NaN,NaN,true,0
10,500000.0,eta_Nlike,mridges_spiky,ns,10,NaN,NaN,true,0
10,500000.0,eta_Nlike,mridges_spiky,mw,10,NaN,NaN,true,0
10,500000.0,eta_Nlike,eggbox,is,2,0.47703423594884453,0.47703423594884453,false,10
10,500000.0,eta_Nlike,eggbox,mh,2,0.047288172229327186,0.047288172229327186,false,10
10,500000.0,eta_Nlike,eggbox,nuts,2,0.0031636688597566584,0.0031636688597566584,false,10
10,500000.0,eta_Nlike,eggbox,ns,2,0.0033201186084361066,0.0033201186084361066,false,10
10,500000.0,eta_Nlike,eggbox,mw,2,0.7155511905428785,0.7155511905428785,false,10
10,500000.0,dlogZ,mvn,is,10,29.719659681672027,29.719659681672027,false,20
10,500000.0,dlogZ,mvn,ns,10,4.912046323993202,4.912046323993202,false,20
10,500000.0,dlogZ,mvn,mw,10,0.0007240107919379568,0.0007240107919379568,false,20
10,500000.0,dlogZ,banana,is,10,3.7515495030774773,3.7515495030774773,false,20
10,500000.0,dlogZ,banana,ns,10,1.7000899237035352,1.7000899237035352,false,20
10,500000.0,dlogZ,banana,mw,10,0.0010999288482036462,0.0010999288482036462,false,20
10,500000.0,dlogZ,funnel,is,10,1.2436494283034225,1.2436494283034225,false,20
10,500000.0,dlogZ,funnel,ns,10,0.27728679204773066,0.27728679204773066,false,20
10,500000.0,dlogZ,funnel,mw,10,0.0019435113017571837,0.0019435113017571837,false,20
10,500000.0,dlogZ,mridges,is,10,1.442115019015791,1.442115019015791,false,20
10,500000.0,dlogZ,mridges,ns,10,0.606855695712623,0.606855695712623,false,20
10,500000.0,dlogZ,mridges,mw,10,1.4069497963411628,1.4069497963411628,false,20
10,500000.0,dlogZ,shell,is,10,NaN,NaN,true,0
10,500000.0,dlogZ,shell,ns,10,NaN,NaN,true,0
10,500000.0,dlogZ,shell,mw,10,NaN,NaN,true,0
10,500000.0,dlogZ,mridges_spiky,is,10,NaN,NaN,true,0
10,500000.0,dlogZ,mridges_spiky,ns,10,NaN,NaN,true,0
10,500000.0,dlogZ,mridges_spiky,mw,10,NaN,NaN,true,0
10,500000.0,dlogZ,eggbox,is,2,0.0010884585853814244,0.0010884585853814244,false,10
10,500000.0,dlogZ,eggbox,ns,2,0.01917544233397228,0.01917544233397228,false,10
10,500000.0,dlogZ,eggbox,mw,2,0.0006330610005766957,0.0006330610005766957,false,10
10,500000.0,W1_marginal_avg,mvn,is,10,2.1013722075126795,2.1013722075126795,false,20
10,500000.0,W1_marginal_avg,mvn,mh,10,0.053888987543863384,0.053888987543863384,false,20
10,500000.0,W1_marginal_avg,mvn,nuts,10,0.054178114009463596,0.054178114009463596,false,20
10,500000.0,W1_marginal_avg,mvn,ns,10,1.1996565160246797,1.1996565160246797,false,20
10,500000.0,W1_marginal_avg,mvn,mw,10,0.01759456465495793,0.01759456465495793,false,20
10,500000.0,W1_marginal_avg,banana,is,10,1.2390730363730023,1.2390730363730023,false,20
10,500000.0,W1_marginal_avg,banana,mh,10,0.02332718929506533,0.02332718929506533,false,20
10,500000.0,W1_marginal_avg,banana,nuts,10,0.04601570367075442,0.04601570367075442,false,20
10,500000.0,W1_marginal_avg,banana,ns,10,0.42994303226289604,0.42994303226289604,false,20
10,500000.0,W1_marginal_avg,banana,mw,10,0.020335570273123618,0.020335570273123618,false,20
10,500000.0,W1_marginal_avg,funnel,is,10,1.5318670371021166,1.5318670371021166,false,20
10,500000.0,W1_marginal_avg,funnel,mh,10,0.237192236546436,0.237192236546436,false,14
10,500000.0,W1_marginal_avg,funnel,nuts,10,0.235125041750804,0.235125041750804,false,11
10,500000.0,W1_marginal_avg,funnel,ns,10,0.9484221000842266,0.9484221000842266,false,20
10,500000.0,W1_marginal_avg,funnel,mw,10,0.03755501002186801,0.03755501002186801,false,20
10,500000.0,W1_marginal_avg,mridges,is,10,1.5858634218669774,1.5858634218669774,false,20
10,500000.0,W1_marginal_avg,mridges,mh,10,NaN,NaN,true,0
10,500000.0,W1_marginal_avg,mridges,nuts,10,NaN,NaN,true,0
10,500000.0,W1_marginal_avg,mridges,ns,10,0.6906881140033604,0.6906881140033604,false,20
10,500000.0,W1_marginal_avg,mridges,mw,10,0.7671852085832491,0.7671852085832491,false,20
10,500000.0,W1_marginal_avg,shell,is,10,NaN,NaN,true,0
10,500000.0,W1_marginal_avg,shell,mh,10,NaN,NaN,true,0
10,500000.0,W1_marginal_avg,shell,nuts,10,NaN,NaN,true,0
10,500000.0,W1_marginal_avg,shell,ns,10,NaN,NaN,true,0
10,500000.0,W1_marginal_avg,shell,mw,10,NaN,NaN,true,0
10,500000.0,W1_marginal_avg,mridges_spiky,is,10,NaN,NaN,true,0
10,500000.0,W1_marginal_avg,mridges_spiky,mh,10,NaN,NaN,true,0
10,500000.0,W1_marginal_avg,mridges_spiky,nuts,10,NaN,NaN,true,0
10,500000.0,W1_marginal_avg,mridges_spiky,ns,10,NaN,NaN,true,0
10,500000.0,W1_marginal_avg,mridges_spiky,mw,10,NaN,NaN,true,0
10,500000.0,W1_marginal_avg,eggbox,is,2,0.07722351741229189,0.07722351741229189,false,10
10,500000.0,W1_marginal_avg,eggbox,mh,2,0.06618888971665188,0.06618888971665188,false,10
10,500000.0,W1_marginal_avg,eggbox,nuts,2,0.1920461096904039,0.1920461096904039,false,10
10,500000.0,W1_marginal_avg,eggbox,ns,2,0.2311941985843526,0.2311941985843526,false,10
10,500000.0,W1_marginal_avg,eggbox,mw,2,0.08530190386849597,0.08530190386849597,false,10
