panel,problem,d,B,seed,payload_path,source_sha256,Neff_fresh,eta_cost_fresh,C_total,N_fresh,C_adaptation,W1_marginal_avg_fresh,dlogZ_fresh,pareto_k_fresh,TV_partition_fresh,bandwidth_neff_used,bandwidth_h_shown_coords,N_display,N_shown,footer_Neff,footer_eta,seed_rule,coords_shown
tri__mvn__d5__B5e5__mw,mvn,5,500000.0,239,experiments\out\revision_2026-09-25\fresh_runs\mvn_mw_d5_B5e5_seed239.jld2,d91683f59b291060dd4b6f5997d4afbacf85ae5547591fc4c334602bcbfaf67d,419286.1505739341,0.8385723011478682,500000.0,451984.0,48016.0,0.01331989837600328,0.000370017269730738,-0.41245826219564397,NaN,10000.0,0.142;0.1418;0.1416;0.142;0.1426,10000,5000,419286.1505739341,0.8385723011478682,middle of existing seed grid (n=20) == _median_seed_run,1:5
tri__banana__d5__B5e5__mw,banana,5,500000.0,239,experiments\out\revision_2026-09-25\fresh_runs\banana_mw_d5_B5e5_seed239.jld2,b08f57e788f3d105009cb75128a01d654d61d7d15d15457ed173d20971c74ad2,271481.88779003185,0.5429637755800637,500000.0,444570.0,55430.0,0.0248342662771033,0.0009110818876649773,0.4728970744724883,NaN,10000.0,0.1417;0.204;0.1417;0.1449;0.143,10000,5000,271481.88779003185,0.5429637755800637,middle of existing seed grid (n=20) == _median_seed_run,1:5
tri__funnel__d5__B5e5__mw,funnel,5,500000.0,239,experiments\out\revision_2026-09-25\fresh_runs\funnel_mw_d5_B5e5_seed239.jld2,eee401d7f9136aca7909e9fd6e3d9850dc981efd637038c71ae5093269db37bb,224724.1777168958,0.4494483554337916,500000.0,405249.0,94751.0,0.028097759706966687,0.0013971260082055181,0.06338130502821714,NaN,10000.0,0.3627;0.09819;0.0974;0.09856;0.1005,10000,5000,224724.1777168958,0.4494483554337916,middle of existing seed grid (n=20) == _median_seed_run,1:5
tri__mridges__d5__B5e5__mw,mridges,5,500000.0,239,experiments\out\revision_2026-09-25\fresh_runs\mridges_mw_d5_B5e5_seed239.jld2,b912e51d783da6872f7d7895a2b6130606831efa52d5315a84db3bcbc4df46af,144794.03817346637,0.28958807634693273,500000.0,470665.0,29335.0,0.1658330290272559,0.12974731257256344,0.6168778734048775,0.12181274733964378,10000.0,0.2924;0.3472;0.3483;0.3478;0.3497,10000,5000,144794.03817346637,0.28958807634693273,middle of existing seed grid (n=20) == _median_seed_run,1:5
tri__shell__d5__B5e5__mw,shell,5,500000.0,41,experiments\out\revision_2026-09-25\fresh_runs\shell_mw_d5_B5e5_seed41.jld2,c523538f2267b96537b8d44b443a8b7155b01338a857f90c7014980700fc5693,3.788300402761932,7.5766008055238635e-6,500000.0,438092.0,61908.0,1.0604587170443913,0.4670179411975628,26.256004889322206,NaN,3.788300402761932,0.5686;0.46;1.578;0.1833;1.162,10000,5000,3.788300402761932,7.5766008055238635e-6,middle of existing seed grid (n=5) == _median_seed_run,1:5
tri__mridges_spiky__d5__B5e5__mw,mridges_spiky,5,500000.0,97,experiments\out\revision_2026-09-25\fresh_runs\mridges_spiky_mw_d5_B5e5_seed97.jld2,58e1bbb31479d4f4f7fa1ebf74666fc2f533fb7c4be1a5d3b233f509f992cbed,373266.52556241053,0.746533051124821,500000.0,474302.0,25698.0,0.012965442917575402,0.00024391015551827877,-0.5046966108697681,0.0012105333801890675,10000.0,0.2166;0.07206;0.07202;0.07141;0.07211,10000,5000,373266.52556241053,0.746533051124821,middle of existing seed grid (n=10) == _median_seed_run,1:5
tri__mridges__d2__B5e5__mw,mridges,2,500000.0,239,experiments\out\revision_2026-09-25\fresh_runs\mridges_mw_d2_B5e5_seed239.jld2,f59fb0755fcb6faa050ba180a91d6e5594056bfbcdbda6bbe3a76a5b7f245096,409319.0966182673,0.8186381932365346,500000.0,481637.0,18363.0,0.026521781612515727,0.0006147638561273538,-0.9801233377757224,0.001396084772901443,10000.0,0.2941;0.347,10000,5000,409319.0966182673,0.8186381932365346,middle of existing seed grid (n=20) == _median_seed_run,1:2
tri__mridges__d10__B5e5__mw,mridges,10,500000.0,239,experiments\out\revision_2026-09-25\fresh_runs\mridges_mw_d10_B5e5_seed239.jld2,6e0113c933848f9eab1e6d522ab1d38203942ce125e416adb50af98405a266d6,6.617676518916944,1.3235353037833889e-5,500000.0,424709.0,75291.0,1.1756930989985563,1.118158808476224,1.0886951966858969,0.7342448376253,6.617676518916944,0.2352;1.239;1.358;1.211,10000,5000,6.617676518916944,1.3235353037833889e-5,middle of existing seed grid (n=20) == _median_seed_run,"1,2,3,10"
tri__eggbox__d2__B5e5__mw,eggbox,2,500000.0,97,experiments\out\revision_2026-09-25\fresh_runs\eggbox_mw_d2_B5e5_seed97.jld2,6f10cd2c8942cda7011351ad12a82f61fe6b868db3936ee2953b39c8a0aa56af,357722.33296988346,0.715444665939767,500000.0,481447.0,18553.0,0.08407322028422218,0.0004033685038011825,-0.23261983634766645,NaN,10000.0,0.8469;0.8448,10000,5000,357722.33296988346,0.715444665939767,middle of existing seed grid (n=10) == _median_seed_run,1:2
